// Copyright 2025 QMK -- generated source code only, font retains original copyright
// SPDX-License-Identifier: GPL-2.0-or-later

// This file was auto-generated by `painter-convert-font-image` with arguments:
//    format         | mono16
//    unicode_glyphs | 
//    output         | fonts
//    input          | sixtyfour.png

// Font's metadata
// ---------------
// Glyphs:  , !, ", #, $, %, &, ', (, ), *, +, ,, -, ., /, 0, 1, 2, 3, 4, 5, 6, 7, 8, 9, :, ;, <, =, >, ?, @, A, B, C, D, E, F, G, H, I, J, K, L, M, N, O, P, Q, R, S, T, U, V, W, X, Y, Z, [, \, ], ^, _, `, a, b, c, d, e, f, g, h, i, j, k, l, m, n, o, p, q, r, s, t, u, v, w, x, y, z, {, |, }, ~

#include <qp.h>

const uint32_t font_sixtyfour_length = 23724;

// clang-format off
const uint8_t font_sixtyfour[23724] = {
    0x00, 0xFF, 0x14, 0x00, 0x00, 0x51, 0x46, 0x46, 0x01, 0xAC, 0x5C, 0x00, 0x00, 0x53, 0xA3, 0xFF,
    0xFF, 0x1F, 0x01, 0x00, 0x00, 0x02, 0x00, 0x01, 0xFF, 0x01, 0xFE, 0x1D, 0x01, 0x00, 0x1E, 0x00,
    0x00, 0x1E, 0x02, 0x00, 0x9E, 0x2A, 0x00, 0xDF, 0x5E, 0x00, 0x5E, 0xBC, 0x00, 0x9E, 0xF5, 0x00,
    0xDF, 0x4C, 0x01, 0x1E, 0x9D, 0x01, 0x9E, 0xB6, 0x01, 0x5E, 0xED, 0x01, 0x1F, 0x24, 0x02, 0x5E,
    0x5C, 0x02, 0xDE, 0x85, 0x02, 0x5E, 0x9F, 0x02, 0xDE, 0xA9, 0x02, 0x5F, 0xBB, 0x02, 0x5E, 0xEB,
    0x02, 0xDE, 0x48, 0x03, 0x5E, 0x80, 0x03, 0xDE, 0xC2, 0x03, 0x1F, 0x0D, 0x04, 0x5E, 0x4E, 0x04,
    0x5E, 0x90, 0x04, 0x5E, 0xE2, 0x04, 0x9E, 0x22, 0x05, 0x9E, 0x7C, 0x05, 0xDE, 0xCF, 0x05, 0x5E,
    0xE0, 0x05, 0xDE, 0x00, 0x06, 0x1E, 0x39, 0x06, 0x1E, 0x4C, 0x06, 0x1E, 0x84, 0x06, 0x9E, 0xBC,
    0x06, 0x9E, 0x11, 0x07, 0x9E, 0x6C, 0x07, 0xDE, 0xC7, 0x07, 0x9E, 0x11, 0x08, 0x5E, 0x6E, 0x08,
    0xDE, 0xA9, 0x08, 0xDE, 0xE4, 0x08, 0xDE, 0x3B, 0x09, 0x9E, 0xA8, 0x09, 0x1E, 0xDF, 0x09, 0xDE,
    0x1C, 0x0A, 0xDE, 0x73, 0x0A, 0xDF, 0xAD, 0x0A, 0x1E, 0x0B, 0x0B, 0x5E, 0x72, 0x0B, 0x5E, 0xD3,
    0x0B, 0xDE, 0x1E, 0x0C, 0x5E, 0x77, 0x0C, 0xDE, 0xD0, 0x0C, 0x1E, 0x1B, 0x0D, 0x5E, 0x52, 0x0D,
    0x1E, 0xBC, 0x0D, 0xDF, 0x1C, 0x0E, 0x9E, 0x7B, 0x0E, 0xDE, 0xD6, 0x0E, 0x1E, 0x29, 0x0F, 0xDE,
    0x62, 0x0F, 0x9F, 0x99, 0x0F, 0x5E, 0xCA, 0x0F, 0x1E, 0x01, 0x10, 0x9E, 0x23, 0x10, 0x5E, 0x2E,
    0x10, 0xDE, 0x3F, 0x10, 0x9E, 0x71, 0x10, 0x9E, 0xB3, 0x10, 0x5E, 0xDB, 0x10, 0x5E, 0x1D, 0x11,
    0xDE, 0x4D, 0x11, 0xDE, 0x7E, 0x11, 0xDE, 0xBE, 0x11, 0x5E, 0x09, 0x12, 0x5E, 0x30, 0x12, 0x1E,
    0x61, 0x12, 0xDE, 0xA6, 0x12, 0x5F, 0xD5, 0x12, 0x9E, 0x12, 0x13, 0x1E, 0x5B, 0x13, 0x1E, 0x9A,
    0x13, 0x1E, 0xDA, 0x13, 0xDE, 0x19, 0x14, 0x1E, 0x4B, 0x14, 0x5E, 0x74, 0x14, 0x5E, 0xA4, 0x14,
    0xDE, 0xEC, 0x14, 0xDF, 0x2B, 0x15, 0xDE, 0x67, 0x15, 0x5E, 0xA1, 0x15, 0xDE, 0xE9, 0x15, 0xDE,
    0x12, 0x16, 0xDE, 0x4A, 0x16, 0x5E, 0x89, 0x16, 0x1F, 0xC1, 0x16, 0x04, 0xFB, 0x6C, 0x5B, 0x00,
    0x7F, 0x00, 0x7F, 0x00, 0x7F, 0x00, 0x54, 0x00, 0x05, 0x00, 0x80, 0x30, 0x03, 0x55, 0x80, 0x03,
    0x0A, 0x00, 0x80, 0xF4, 0x03, 0xFF, 0x80, 0x4F, 0x0A, 0x00, 0x80, 0xF6, 0x03, 0xFF, 0x80, 0x6F,
    0x0A, 0x00, 0x80, 0x60, 0x03, 0x99, 0x80, 0x06, 0x0A, 0x00, 0x80, 0x30, 0x03, 0x55, 0x80, 0x03,
    0x0A, 0x00, 0x80, 0xF4, 0x03, 0xFF, 0x80, 0x4F, 0x0A, 0x00, 0x80, 0xF6, 0x03, 0xFF, 0x80, 0x6F,
    0x0A, 0x00, 0x80, 0x60, 0x03, 0x99, 0x80, 0x06, 0x0A, 0x00, 0x80, 0x30, 0x03, 0x55, 0x80, 0x03,
    0x0A, 0x00, 0x80, 0xF4, 0x03, 0xFF, 0x80, 0x4F, 0x0A, 0x00, 0x80, 0xF6, 0x03, 0xFF, 0x80, 0x6F,
    0x0A, 0x00, 0x80, 0x60, 0x03, 0x99, 0x80, 0x06, 0x0A, 0x00, 0x80, 0x30, 0x03, 0x55, 0x80, 0x03,
    0x0A, 0x00, 0x80, 0xF4, 0x03, 0xFF, 0x80, 0x4F, 0x0A, 0x00, 0x80, 0xF6, 0x03, 0xFF, 0x80, 0x6F,
    0x0A, 0x00, 0x80, 0x60, 0x03, 0x99, 0x80, 0x06, 0x73, 0x00, 0x80, 0x30, 0x03, 0x55, 0x80, 0x03,
    0x0A, 0x00, 0x80, 0xF4, 0x03, 0xFF, 0x80, 0x4F, 0x0A, 0x00, 0x80, 0xF6, 0x03, 0xFF, 0x80, 0x6F,
    0x0A, 0x00, 0x80, 0x60, 0x03, 0x99, 0x80, 0x06, 0x41, 0x00, 0x82, 0x00, 0x10, 0x54, 0x02, 0x55,
    0x80, 0x14, 0x03, 0x00, 0x80, 0x41, 0x02, 0x55, 0x81, 0x45, 0x01, 0x02, 0x00, 0x80, 0xB0, 0x03,
    0xFF, 0x80, 0xBF, 0x03, 0x00, 0x80, 0xFB, 0x03, 0xFF, 0x80, 0x0B, 0x02, 0x00, 0x80, 0xD0, 0x03,
    0xFF, 0x80, 0xDF, 0x03, 0x00, 0x80, 0xFD, 0x03, 0xFF, 0x80, 0x0D, 0x02, 0x00, 0x81, 0x30, 0x98,
    0x02, 0x99, 0x80, 0x28, 0x03, 0x00, 0x80, 0x83, 0x02, 0x99, 0x81, 0x89, 0x02, 0x02, 0x00, 0x81,
    0x10, 0x54, 0x02, 0x55, 0x80, 0x14, 0x03, 0x00, 0x80, 0x41, 0x02, 0x55, 0x81, 0x45, 0x01, 0x02,
    0x00, 0x80, 0xB0, 0x03, 0xFF, 0x80, 0xBF, 0x03, 0x00, 0x80, 0xFB, 0x03, 0xFF, 0x80, 0x0B, 0x02,
    0x00, 0x80, 0xD0, 0x03, 0xFF, 0x80, 0xDF, 0x03, 0x00, 0x80, 0xFD, 0x03, 0xFF, 0x80, 0x0D, 0x02,
    0x00, 0x81, 0x30, 0x98, 0x02, 0x99, 0x80, 0x28, 0x03, 0x00, 0x80, 0x83, 0x02, 0x99, 0x81, 0x89,
    0x02, 0x02, 0x00, 0x81, 0x10, 0x54, 0x02, 0x55, 0x80, 0x14, 0x03, 0x00, 0x80, 0x41, 0x02, 0x55,
    0x81, 0x45, 0x01, 0x02, 0x00, 0x80, 0xB0, 0x03, 0xFF, 0x80, 0xBF, 0x03, 0x00, 0x80, 0xFB, 0x03,
    0xFF, 0x80, 0x0B, 0x02, 0x00, 0x80, 0xD0, 0x03, 0xFF, 0x80, 0xDF, 0x03, 0x00, 0x80, 0xFD, 0x03,
    0xFF, 0x80, 0x0D, 0x02, 0x00, 0x81, 0x30, 0x98, 0x02, 0x99, 0x80, 0x28, 0x03, 0x00, 0x80, 0x83,
    0x02, 0x99, 0x81, 0x89, 0x02, 0x7F, 0x00, 0x7F, 0x00, 0x20, 0x00, 0x02, 0x00, 0x80, 0x41, 0x02,
    0x55, 0x81, 0x45, 0x01, 0x02, 0x00, 0x81, 0x10, 0x54, 0x02, 0x55, 0x80, 0x14, 0x03, 0x00, 0x80,
    0xB0, 0x03, 0xFF, 0x80, 0xBF, 0x03, 0x00, 0x80, 0xFB, 0x03, 0xFF, 0x80, 0x0B, 0x03, 0x00, 0x80,
    0xFD, 0x03, 0xFF, 0x80, 0x0D, 0x02, 0x00, 0x80, 0xD0, 0x03, 0xFF, 0x80, 0xDF, 0x03, 0x00, 0x81,
    0x30, 0x98, 0x02, 0x99, 0x80, 0x28, 0x03, 0x00, 0x80, 0x83, 0x02, 0x99, 0x81, 0x89, 0x02, 0x03,
    0x00, 0x80, 0x41, 0x02, 0x55, 0x81, 0x45, 0x01, 0x02, 0x00, 0x81, 0x10, 0x54, 0x02, 0x55, 0x80,
    0x14, 0x03, 0x00, 0x80, 0xB0, 0x03, 0xFF, 0x80, 0xBF, 0x03, 0x00, 0x80, 0xFB, 0x03, 0xFF, 0x80,
    0x0B, 0x03, 0x00, 0x80, 0xFD, 0x03, 0xFF, 0x80, 0x0D, 0x02, 0x00, 0x80, 0xD0, 0x03, 0xFF, 0x80,
    0xDF, 0x03, 0x00, 0x81, 0x30, 0x98, 0x02, 0x99, 0x80, 0x28, 0x03, 0x00, 0x80, 0x83, 0x02, 0x99,
    0x83, 0x89, 0x02, 0x00, 0x40, 0x0E, 0x55, 0x80, 0x84, 0x0F, 0xFF, 0x80, 0xF9, 0x0E, 0xFF, 0x81,
    0x1F, 0x97, 0x0D, 0x99, 0x80, 0x79, 0x02, 0x00, 0x80, 0x41, 0x02, 0x55, 0x81, 0x45, 0x01, 0x02,
    0x00, 0x81, 0x10, 0x54, 0x02, 0x55, 0x80, 0x14, 0x03, 0x00, 0x80, 0xB0, 0x03, 0xFF, 0x80, 0xBF,
    0x03, 0x00, 0x80, 0xFB, 0x03, 0xFF, 0x80, 0x0B, 0x03, 0x00, 0x80, 0xFD, 0x03, 0xFF, 0x80, 0x0D,
    0x02, 0x00, 0x80, 0xD0, 0x03, 0xFF, 0x80, 0xDF, 0x02, 0x00, 0x82, 0x54, 0x85, 0xED, 0x02, 0xEE,
    0x80, 0x8D, 0x03, 0x55, 0x80, 0xD8, 0x02, 0xEE, 0x83, 0xDE, 0x58, 0x45, 0xF8, 0x0E, 0xFF, 0x80,
    0x9F, 0x0F, 0xFF, 0x80, 0x71, 0x0E, 0x99, 0x83, 0x07, 0x00, 0x10, 0x54, 0x02, 0x55, 0x80, 0x14,
    0x03, 0x00, 0x80, 0x41, 0x02, 0x55, 0x81, 0x45, 0x01, 0x03, 0x00, 0x80, 0xFB, 0x03, 0xFF, 0x80,
    0x0B, 0x02, 0x00, 0x80, 0xB0, 0x03, 0xFF, 0x80, 0xBF, 0x03, 0x00, 0x80, 0xD0, 0x03, 0xFF, 0x80,
    0xDF, 0x03, 0x00, 0x80, 0xFD, 0x03, 0xFF, 0x80, 0x0D, 0x03, 0x00, 0x80, 0x83, 0x02, 0x99, 0x81,
    0x89, 0x02, 0x02, 0x00, 0x81, 0x30, 0x98, 0x02, 0x99, 0x80, 0x28, 0x03, 0x00, 0x81, 0x10, 0x54,
    0x02, 0x55, 0x80, 0x14, 0x03, 0x00, 0x80, 0x41, 0x02, 0x55, 0x81, 0x45, 0x01, 0x03, 0x00, 0x80,
    0xFB, 0x03, 0xFF, 0x80, 0x0B, 0x02, 0x00, 0x80, 0xB0, 0x03, 0xFF, 0x80, 0xBF, 0x03, 0x00, 0x80,
    0xD0, 0x03, 0xFF, 0x80, 0xDF, 0x03, 0x00, 0x80, 0xFD, 0x03, 0xFF, 0x80, 0x0D, 0x03, 0x00, 0x80,
    0x83, 0x02, 0x99, 0x81, 0x89, 0x02, 0x02, 0x00, 0x81, 0x30, 0x98, 0x02, 0x99, 0x80, 0x28, 0x40,
    0x00, 0x05, 0x00, 0x80, 0x30, 0x03, 0x55, 0x80, 0x03, 0x0A, 0x00, 0x80, 0xF4, 0x03, 0xFF, 0x80,
    0x4F, 0x0A, 0x00, 0x80, 0xF6, 0x03, 0xFF, 0x80, 0x6F, 0x0A, 0x00, 0x80, 0x60, 0x03, 0x99, 0x80,
    0x06, 0x08, 0x00, 0x80, 0x10, 0x08, 0x55, 0x81, 0x45, 0x01, 0x04, 0x00, 0x80, 0xE1, 0x09, 0xFF,
    0x80, 0x0B, 0x04, 0x00, 0x80, 0xF2, 0x09, 0xFF, 0x80, 0x0D, 0x04, 0x00, 0x80, 0x40, 0x08, 0x99,
    0x81, 0x89, 0x02, 0x02, 0x00, 0x81, 0x10, 0x54, 0x02, 0x55, 0x80, 0x14, 0x0A, 0x00, 0x80, 0xB0,
    0x03, 0xFF, 0x80, 0xBF, 0x0A, 0x00, 0x80, 0xD0, 0x03, 0xFF, 0x80, 0xDF, 0x0A, 0x00, 0x81, 0x30,
    0x98, 0x02, 0x99, 0x80, 0x28, 0x0C, 0x00, 0x80, 0x10, 0x07, 0x55, 0x80, 0x01, 0x06, 0x00, 0x80,
    0xE1, 0x07, 0xFF, 0x80, 0x1E, 0x06, 0x00, 0x80, 0xF2, 0x07, 0xFF, 0x80, 0x2F, 0x06, 0x00, 0x80,
    0x40, 0x05, 0x99, 0x84, 0xD9, 0xEE, 0x5A, 0x45, 0x01, 0x0A, 0x00, 0x80, 0xFB, 0x03, 0xFF, 0x80,
    0x0B, 0x0A, 0x00, 0x80, 0xFD, 0x03, 0xFF, 0x80, 0x0D, 0x0A, 0x00, 0x80, 0x83, 0x02, 0x99, 0x81,
    0x89, 0x02, 0x02, 0x00, 0x81, 0x10, 0x54, 0x08, 0x55, 0x80, 0x01, 0x04, 0x00, 0x80, 0xB0, 0x09,
    0xFF, 0x80, 0x1E, 0x04, 0x00, 0x80, 0xD0, 0x09, 0xFF, 0x80, 0x2F, 0x04, 0x00, 0x81, 0x30, 0x98,
    0x08, 0x99, 0x80, 0x04, 0x08, 0x00, 0x80, 0x30, 0x03, 0x55, 0x80, 0x03, 0x0A, 0x00, 0x80, 0xF4,
    0x03, 0xFF, 0x80, 0x4F, 0x0A, 0x00, 0x80, 0xF6, 0x03, 0xFF, 0x80, 0x6F, 0x0A, 0x00, 0x80, 0x60,
    0x03, 0x99, 0x80, 0x06, 0x41, 0x00, 0x82, 0x00, 0x10, 0x54, 0x02, 0x55, 0x80, 0x14, 0x05, 0x00,
    0x82, 0x52, 0x55, 0x01, 0x02, 0x00, 0x80, 0xB0, 0x03, 0xFF, 0x80, 0xBF, 0x04, 0x00, 0x83, 0x10,
    0xFE, 0xFF, 0x0C, 0x02, 0x00, 0x80, 0xD0, 0x03, 0xFF, 0x80, 0xDF, 0x04, 0x00, 0x80, 0x20, 0x02,
    0xFF, 0x80, 0x0D, 0x02, 0x00, 0x81, 0x30, 0x98, 0x02, 0x99, 0x80, 0x28, 0x05, 0x00, 0x82, 0x95,
    0x99, 0x03, 0x02, 0x00, 0x81, 0x10, 0x54, 0x02, 0x55, 0x80, 0x14, 0x03, 0x00, 0x80, 0x41, 0x02,
    0x55, 0x81, 0x45, 0x01, 0x02, 0x00, 0x80, 0xB0, 0x03, 0xFF, 0x80, 0xBF, 0x03, 0x00, 0x80, 0xFB,
    0x03, 0xFF, 0x80, 0x0B, 0x02, 0x00, 0x80, 0xD0, 0x03, 0xFF, 0x80, 0xDF, 0x03, 0x00, 0x80, 0xFD,
    0x03, 0xFF, 0x80, 0x0D, 0x02, 0x00, 0x81, 0x30, 0x98, 0x02, 0x99, 0x80, 0x28, 0x03, 0x00, 0x80,
    0x83, 0x02, 0x99, 0x81, 0x89, 0x02, 0x08, 0x00, 0x80, 0x40, 0x03, 0x55, 0x80, 0x01, 0x0A, 0x00,
    0x80, 0xF8, 0x03, 0xFF, 0x80, 0x1E, 0x0A, 0x00, 0x80, 0xF9, 0x03, 0xFF, 0x80, 0x2F, 0x0A, 0x00,
    0x80, 0x71, 0x03, 0x99, 0x80, 0x04, 0x08, 0x00, 0x80, 0x30, 0x03, 0x55, 0x80, 0x03, 0x0A, 0x00,
    0x80, 0xF4, 0x03, 0xFF, 0x80, 0x4F, 0x0A, 0x00, 0x80, 0xF6, 0x03, 0xFF, 0x80, 0x6F, 0x08, 0x00,
    0x86, 0x10, 0x55, 0xB5, 0xEE, 0x9D, 0x99, 0x06, 0x08, 0x00, 0x80, 0xE1, 0x03, 0xFF, 0x80, 0x8F,
    0x0A, 0x00, 0x80, 0xF2, 0x03, 0xFF, 0x80, 0x9F, 0x0A, 0x00, 0x80, 0x40, 0x03, 0x99, 0x80, 0x17,
    0x08, 0x00, 0x81, 0x10, 0x54, 0x02, 0x55, 0x80, 0x14, 0x03, 0x00, 0x80, 0x41, 0x02, 0x55, 0x81,
    0x45, 0x01, 0x02, 0x00, 0x80, 0xB0, 0x03, 0xFF, 0x80, 0xBF, 0x03, 0x00, 0x80, 0xFB, 0x03, 0xFF,
    0x80, 0x0B, 0x02, 0x00, 0x80, 0xD0, 0x03, 0xFF, 0x80, 0xDF, 0x03, 0x00, 0x80, 0xFD, 0x03, 0xFF,
    0x80, 0x0D, 0x02, 0x00, 0x81, 0x30, 0x98, 0x02, 0x99, 0x80, 0x28, 0x03, 0x00, 0x80, 0x83, 0x02,
    0x99, 0x81, 0x89, 0x02, 0x02, 0x00, 0x82, 0x10, 0x55, 0x25, 0x05, 0x00, 0x80, 0x41, 0x02, 0x55,
    0x81, 0x45, 0x01, 0x02, 0x00, 0x83, 0xC0, 0xFF, 0xEF, 0x01, 0x04, 0x00, 0x80, 0xFB, 0x03, 0xFF,
    0x80, 0x0B, 0x02, 0x00, 0x80, 0xD0, 0x02, 0xFF, 0x80, 0x02, 0x04, 0x00, 0x80, 0xFD, 0x03, 0xFF,
    0x80, 0x0D, 0x02, 0x00, 0x82, 0x30, 0x99, 0x59, 0x05, 0x00, 0x80, 0x83, 0x02, 0x99, 0x81, 0x89,
    0x02, 0x3D, 0x00, 0x03, 0x00, 0x80, 0x10, 0x07, 0x55, 0x80, 0x01, 0x06, 0x00, 0x81, 0x10, 0xFE,
    0x06, 0xFF, 0x81, 0xEF, 0x01, 0x06, 0x00, 0x80, 0xF2, 0x07, 0xFF, 0x80, 0x2F, 0x07, 0x00, 0x80,
    0x94, 0x06, 0x99, 0x80, 0x49, 0x05, 0x00, 0x81, 0x10, 0x54, 0x02, 0x55, 0x80, 0x14, 0x03, 0x00,
    0x80, 0x41, 0x02, 0x55, 0x81, 0x45, 0x01, 0x03, 0x00, 0x80, 0xFB, 0x03, 0xFF, 0x80, 0x0B, 0x02,
    0x00, 0x80, 0xB0, 0x03, 0xFF, 0x80, 0xBF, 0x03, 0x00, 0x80, 0xD0, 0x03, 0xFF, 0x80, 0xDF, 0x03,
    0x00, 0x80, 0xFD, 0x03, 0xFF, 0x80, 0x0D, 0x03, 0x00, 0x80, 0x83, 0x02, 0x99, 0x81, 0x89, 0x02,
    0x02, 0x00, 0x81, 0x30, 0x98, 0x02, 0x99, 0x80, 0x28, 0x05, 0x00, 0x80, 0x10, 0x07, 0x55, 0x80,
    0x01, 0x06, 0x00, 0x81, 0x10, 0xFE, 0x06, 0xFF, 0x81, 0xEF, 0x01, 0x06, 0x00, 0x80, 0xF2, 0x07,
    0xFF, 0x80, 0x2F, 0x07, 0x00, 0x80, 0x94, 0x06, 0x99, 0x80, 0x49, 0x07, 0x00, 0x80, 0x10, 0x05,
    0x55, 0x80, 0x03, 0x08, 0x00, 0x81, 0x10, 0xFE, 0x05, 0xFF, 0x80, 0x04, 0x08, 0x00, 0x80, 0xF2,
    0x05, 0xFF, 0x80, 0x6F, 0x07, 0x00, 0x83, 0x41, 0x55, 0xEA, 0xDE, 0x03, 0x99, 0x80, 0x79, 0x05,
    0x55, 0x82, 0x04, 0x00, 0xB0, 0x03, 0xFF, 0x80, 0xBF, 0x03, 0x00, 0x80, 0xFB, 0x05, 0xFF, 0x82,
    0x08, 0x00, 0xFD, 0x03, 0xFF, 0x80, 0x0D, 0x02, 0x00, 0x80, 0xD0, 0x05, 0xFF, 0x83, 0x9F, 0x00,
    0x30, 0x98, 0x02, 0x99, 0x80, 0x28, 0x03, 0x00, 0x80, 0x83, 0x04, 0x99, 0x83, 0x79, 0x01, 0x00,
    0x41, 0x02, 0x55, 0x81, 0x45, 0x01, 0x02, 0x00, 0x81, 0x10, 0x54, 0x02, 0x55, 0x80, 0x14, 0x03,
    0x00, 0x80, 0xB0, 0x03, 0xFF, 0x80, 0xBF, 0x03, 0x00, 0x80, 0xFB, 0x03, 0xFF, 0x80, 0x0B, 0x03,
    0x00, 0x80, 0xFD, 0x03, 0xFF, 0x80, 0x0D, 0x02, 0x00, 0x80, 0xD0, 0x03, 0xFF, 0x80, 0xDF, 0x03,
    0x00, 0x81, 0x30, 0x98, 0x02, 0x99, 0x80, 0x28, 0x03, 0x00, 0x80, 0x83, 0x02, 0x99, 0x81, 0x89,
    0x02, 0x05, 0x00, 0x80, 0x51, 0x0A, 0x55, 0x80, 0x04, 0x03, 0x00, 0x80, 0xE1, 0x0B, 0xFF, 0x80,
    0x08, 0x02, 0x00, 0x80, 0x20, 0x0B, 0xFF, 0x80, 0x9F, 0x03, 0x00, 0x80, 0x40, 0x0A, 0x99, 0x81,
    0x79, 0x01, 0x3E, 0x00, 0x07, 0x00, 0x80, 0x40, 0x03, 0x55, 0x80, 0x01, 0x0A, 0x00, 0x80, 0xF8,
    0x03, 0xFF, 0x80, 0x1E, 0x0A, 0x00, 0x80, 0xF9, 0x03, 0xFF, 0x80, 0x2F, 0x0A, 0x00, 0x80, 0x71,
    0x03, 0x99, 0x80, 0x04, 0x08, 0x00, 0x80, 0x30, 0x03, 0x55, 0x80, 0x03, 0x0A, 0x00, 0x80, 0xF4,
    0x03, 0xFF, 0x80, 0x4F, 0x0A, 0x00, 0x80, 0xF6, 0x03, 0xFF, 0x80, 0x6F, 0x0A, 0x00, 0x80, 0x60,
    0x03, 0x99, 0x80, 0x06, 0x08, 0x00, 0x80, 0x10, 0x03, 0x55, 0x80, 0x04, 0x0A, 0x00, 0x80, 0xE1,
    0x03, 0xFF, 0x80, 0x8F, 0x0A, 0x00, 0x80, 0xF2, 0x03, 0xFF, 0x80, 0x9F, 0x0A, 0x00, 0x80, 0x40,
    0x03, 0x99, 0x80, 0x17, 0x7F, 0x00, 0x7F, 0x00, 0x26, 0x00, 0x07, 0x00, 0x80, 0x40, 0x03, 0x55,
    0x80, 0x01, 0x0A, 0x00, 0x80, 0xF8, 0x03, 0xFF, 0x80, 0x1E, 0x0A, 0x00, 0x80, 0xF9, 0x03, 0xFF,
    0x80, 0x2F, 0x0A, 0x00, 0x80, 0x71, 0x03, 0x99, 0x80, 0x04, 0x08, 0x00, 0x80, 0x30, 0x03, 0x55,
    0x80, 0x03, 0x0A, 0x00, 0x80, 0xF4, 0x03, 0xFF, 0x80, 0x4F, 0x0A, 0x00, 0x80, 0xF6, 0x03, 0xFF,
    0x80, 0x6F, 0x0A, 0x00, 0x80, 0x60, 0x03, 0x99, 0x80, 0x06, 0x08, 0x00, 0x80, 0x10, 0x03, 0x55,
    0x80, 0x04, 0x0A, 0x00, 0x80, 0xE1, 0x03, 0xFF, 0x80, 0x8F, 0x0A, 0x00, 0x80, 0xF2, 0x03, 0xFF,
    0x80, 0x9F, 0x0A, 0x00, 0x80, 0x40, 0x03, 0x99, 0x80, 0x17, 0x0A, 0x00, 0x80, 0x10, 0x03, 0x55,
    0x80, 0x04, 0x0A, 0x00, 0x80, 0xE1, 0x03, 0xFF, 0x80, 0x8F, 0x0A, 0x00, 0x80, 0xF2, 0x03, 0xFF,
    0x80, 0x9F, 0x0A, 0x00, 0x81, 0x60, 0xED, 0x02, 0xEE, 0x80, 0x1B, 0x0A, 0x00, 0x80, 0xE1, 0x03,
    0xFF, 0x80, 0x8F, 0x0A, 0x00, 0x80, 0xF2, 0x03, 0xFF, 0x80, 0x9F, 0x0A, 0x00, 0x80, 0x40, 0x03,
    0x99, 0x80, 0x17, 0x0C, 0x00, 0x80, 0x30, 0x03, 0x55, 0x80, 0x03, 0x0A, 0x00, 0x80, 0xF4, 0x03,
    0xFF, 0x80, 0x4F, 0x0A, 0x00, 0x80, 0xF6, 0x03, 0xFF, 0x80, 0x6F, 0x0A, 0x00, 0x80, 0x60, 0x03,
    0x99, 0x80, 0x06, 0x0C, 0x00, 0x80, 0x40, 0x03, 0x55, 0x80, 0x01, 0x0A, 0x00, 0x80, 0xF8, 0x03,
    0xFF, 0x80, 0x1E, 0x0A, 0x00, 0x80, 0xF9, 0x03, 0xFF, 0x80, 0x2F, 0x0A, 0x00, 0x80, 0x71, 0x03,
    0x99, 0x80, 0x04, 0x3F, 0x00, 0x03, 0x00, 0x80, 0x10, 0x03, 0x55, 0x80, 0x04, 0x0A, 0x00, 0x80,
    0xE1, 0x03, 0xFF, 0x80, 0x8F, 0x0A, 0x00, 0x80, 0xF2, 0x03, 0xFF, 0x80, 0x9F, 0x0A, 0x00, 0x80,
    0x40, 0x03, 0x99, 0x80, 0x17, 0x0C, 0x00, 0x80, 0x30, 0x03, 0x55, 0x80, 0x03, 0x0A, 0x00, 0x80,
    0xF4, 0x03, 0xFF, 0x80, 0x4F, 0x0A, 0x00, 0x80, 0xF6, 0x03, 0xFF, 0x80, 0x6F, 0x0A, 0x00, 0x80,
    0x60, 0x03, 0x99, 0x80, 0x06, 0x0C, 0x00, 0x80, 0x40, 0x03, 0x55, 0x80, 0x01, 0x0A, 0x00, 0x80,
    0xF8, 0x03, 0xFF, 0x80, 0x1E, 0x0A, 0x00, 0x80, 0xF9, 0x03, 0xFF, 0x80, 0x2F, 0x0A, 0x00, 0x80,
    0x71, 0x03, 0x99, 0x80, 0x04, 0x0A, 0x00, 0x80, 0x40, 0x03, 0x55, 0x80, 0x01, 0x0A, 0x00, 0x80,
    0xF8, 0x03, 0xFF, 0x80, 0x1E, 0x0A, 0x00, 0x80, 0xF9, 0x03, 0xFF, 0x80, 0x2F, 0x0A, 0x00, 0x80,
    0xB1, 0x02, 0xEE, 0x81, 0xDE, 0x06, 0x0A, 0x00, 0x80, 0xF8, 0x03, 0xFF, 0x80, 0x1E, 0x0A, 0x00,
    0x80, 0xF9, 0x03, 0xFF, 0x80, 0x2F, 0x0A, 0x00, 0x80, 0x71, 0x03, 0x99, 0x80, 0x04, 0x08, 0x00,
    0x80, 0x30, 0x03, 0x55, 0x80, 0x03, 0x0A, 0x00, 0x80, 0xF4, 0x03, 0xFF, 0x80, 0x4F, 0x0A, 0x00,
    0x80, 0xF6, 0x03, 0xFF, 0x80, 0x6F, 0x0A, 0x00, 0x80, 0x60, 0x03, 0x99, 0x80, 0x06, 0x08, 0x00,
    0x80, 0x10, 0x03, 0x55, 0x80, 0x04, 0x0A, 0x00, 0x80, 0xE1, 0x03, 0xFF, 0x80, 0x8F, 0x0A, 0x00,
    0x80, 0xF2, 0x03, 0xFF, 0x80, 0x9F, 0x0A, 0x00, 0x80, 0x40, 0x03, 0x99, 0x80, 0x17, 0x43, 0x00,
    0x40, 0x00, 0x80, 0x41, 0x02, 0x55, 0x81, 0x45, 0x01, 0x02, 0x00, 0x81, 0x10, 0x54, 0x02, 0x55,
    0x80, 0x14, 0x03, 0x00, 0x80, 0xB0, 0x03, 0xFF, 0x80, 0xBF, 0x03, 0x00, 0x80, 0xFB, 0x03, 0xFF,
    0x80, 0x0B, 0x03, 0x00, 0x80, 0xFD, 0x03, 0xFF, 0x80, 0x0D, 0x02, 0x00, 0x80, 0xD0, 0x03, 0xFF,
    0x80, 0xDF, 0x03, 0x00, 0x81, 0x30, 0x98, 0x02, 0x99, 0x80, 0x28, 0x03, 0x00, 0x80, 0x83, 0x02,
    0x99, 0x81, 0x89, 0x02, 0x05, 0x00, 0x80, 0x51, 0x06, 0x55, 0x80, 0x15, 0x07, 0x00, 0x80, 0xE1,
    0x07, 0xFF, 0x80, 0x1E, 0x06, 0x00, 0x80, 0x20, 0x08, 0xFF, 0x80, 0x02, 0x06, 0x00, 0x80, 0x40,
    0x07, 0x99, 0x80, 0x04, 0x03, 0x00, 0x80, 0x40, 0x0E, 0x55, 0x80, 0x84, 0x0F, 0xFF, 0x80, 0xF9,
    0x0E, 0xFF, 0x81, 0x1F, 0x97, 0x02, 0x99, 0x80, 0xA9, 0x07, 0xEE, 0x80, 0x9A, 0x02, 0x99, 0x80,
    0x79, 0x03, 0x00, 0x81, 0x10, 0xFE, 0x06, 0xFF, 0x81, 0xEF, 0x01, 0x06, 0x00, 0x80, 0xF2, 0x07,
    0xFF, 0x80, 0x2F, 0x07, 0x00, 0x80, 0x94, 0x06, 0x99, 0x80, 0x49, 0x05, 0x00, 0x81, 0x10, 0x54,
    0x02, 0x55, 0x80, 0x14, 0x03, 0x00, 0x80, 0x41, 0x02, 0x55, 0x81, 0x45, 0x01, 0x03, 0x00, 0x80,
    0xFB, 0x03, 0xFF, 0x80, 0x0B, 0x02, 0x00, 0x80, 0xB0, 0x03, 0xFF, 0x80, 0xBF, 0x03, 0x00, 0x80,
    0xD0, 0x03, 0xFF, 0x80, 0xDF, 0x03, 0x00, 0x80, 0xFD, 0x03, 0xFF, 0x80, 0x0D, 0x03, 0x00, 0x80,
    0x83, 0x02, 0x99, 0x81, 0x89, 0x02, 0x02, 0x00, 0x81, 0x30, 0x98, 0x02, 0x99, 0x80, 0x28, 0x7E,
    0x00, 0x41, 0x00, 0x80, 0x30, 0x03, 0x55, 0x80, 0x03, 0x0A, 0x00, 0x80, 0xF4, 0x03, 0xFF, 0x80,
    0x4F, 0x0A, 0x00, 0x80, 0xF6, 0x03, 0xFF, 0x80, 0x6F, 0x0A, 0x00, 0x80, 0x60, 0x03, 0x99, 0x80,
    0x06, 0x0A, 0x00, 0x80, 0x30, 0x03, 0x55, 0x80, 0x03, 0x0A, 0x00, 0x80, 0xF4, 0x03, 0xFF, 0x80,
    0x4F, 0x0A, 0x00, 0x80, 0xF6, 0x03, 0xFF, 0x80, 0x6F, 0x0A, 0x00, 0x80, 0x60, 0x03, 0x99, 0x80,
    0x06, 0x06, 0x00, 0x81, 0x10, 0x54, 0x09, 0x55, 0x81, 0x45, 0x01, 0x02, 0x00, 0x80, 0xB0, 0x0B,
    0xFF, 0x80, 0x0B, 0x02, 0x00, 0x80, 0xD0, 0x0B, 0xFF, 0x80, 0x0D, 0x02, 0x00, 0x81, 0x30, 0x98,
    0x02, 0x99, 0x80, 0xB9, 0x03, 0xEE, 0x80, 0x9B, 0x02, 0x99, 0x81, 0x89, 0x02, 0x06, 0x00, 0x80,
    0xF4, 0x03, 0xFF, 0x80, 0x4F, 0x0A, 0x00, 0x80, 0xF6, 0x03, 0xFF, 0x80, 0x6F, 0x0A, 0x00, 0x80,
    0x60, 0x03, 0x99, 0x80, 0x06, 0x0A, 0x00, 0x80, 0x30, 0x03, 0x55, 0x80, 0x03, 0x0A, 0x00, 0x80,
    0xF4, 0x03, 0xFF, 0x80, 0x4F, 0x0A, 0x00, 0x80, 0xF6, 0x03, 0xFF, 0x80, 0x6F, 0x0A, 0x00, 0x80,
    0x60, 0x03, 0x99, 0x80, 0x06, 0x7D, 0x00, 0x7F, 0x00, 0x7F, 0x00, 0x24, 0x00, 0x80, 0x30, 0x03,
    0x55, 0x80, 0x03, 0x0A, 0x00, 0x80, 0xF4, 0x03, 0xFF, 0x80, 0x4F, 0x0A, 0x00, 0x80, 0xF6, 0x03,
    0xFF, 0x80, 0x6F, 0x0A, 0x00, 0x80, 0x60, 0x03, 0x99, 0x80, 0x06, 0x0A, 0x00, 0x80, 0x30, 0x03,
    0x55, 0x80, 0x03, 0x0A, 0x00, 0x80, 0xF4, 0x03, 0xFF, 0x80, 0x4F, 0x0A, 0x00, 0x80, 0xF6, 0x03,
    0xFF, 0x80, 0x6F, 0x0A, 0x00, 0x80, 0x60, 0x03, 0x99, 0x80, 0x06, 0x08, 0x00, 0x80, 0x10, 0x03,
    0x55, 0x80, 0x04, 0x0A, 0x00, 0x80, 0xE1, 0x03, 0xFF, 0x80, 0x8F, 0x0A, 0x00, 0x80, 0xF2, 0x03,
    0xFF, 0x80, 0x9F, 0x0A, 0x00, 0x80, 0x40, 0x03, 0x99, 0x80, 0x17, 0x07, 0x00, 0x7F, 0x00, 0x36,
    0x00, 0x81, 0x10, 0x54, 0x09, 0x55, 0x81, 0x45, 0x01, 0x02, 0x00, 0x80, 0xB0, 0x0B, 0xFF, 0x80,
    0x0B, 0x02, 0x00, 0x80, 0xD0, 0x0B, 0xFF, 0x80, 0x0D, 0x02, 0x00, 0x81, 0x30, 0x98, 0x09, 0x99,
    0x81, 0x89, 0x02, 0x7F, 0x00, 0x63, 0x00, 0x7F, 0x00, 0x7F, 0x00, 0x24, 0x00, 0x80, 0x30, 0x03,
    0x55, 0x80, 0x03, 0x0A, 0x00, 0x80, 0xF4, 0x03, 0xFF, 0x80, 0x4F, 0x0A, 0x00, 0x80, 0xF6, 0x03,
    0xFF, 0x80, 0x6F, 0x0A, 0x00, 0x80, 0x60, 0x03, 0x99, 0x80, 0x06, 0x0A, 0x00, 0x80, 0x30, 0x03,
    0x55, 0x80, 0x03, 0x0A, 0x00, 0x80, 0xF4, 0x03, 0xFF, 0x80, 0x4F, 0x0A, 0x00, 0x80, 0xF6, 0x03,
    0xFF, 0x80, 0x6F, 0x0A, 0x00, 0x80, 0x60, 0x03, 0x99, 0x80, 0x06, 0x41, 0x00, 0x49, 0x00, 0x80,
    0x51, 0x02, 0x55, 0x80, 0x45, 0x0B, 0x00, 0x80, 0xE1, 0x03, 0xFF, 0x80, 0x8F, 0x0A, 0x00, 0x80,
    0x20, 0x04, 0xFF, 0x80, 0x09, 0x0A, 0x00, 0x80, 0x40, 0x03, 0x99, 0x80, 0x17, 0x09, 0x00, 0x80,
    0x41, 0x02, 0x55, 0x81, 0x45, 0x01, 0x0A, 0x00, 0x80, 0xB0, 0x03, 0xFF, 0x80, 0xBF, 0x0B, 0x00,
    0x80, 0xFD, 0x03, 0xFF, 0x80, 0x0D, 0x0A, 0x00, 0x81, 0x30, 0x98, 0x02, 0x99, 0x80, 0x28, 0x09,
    0x00, 0x80, 0x40, 0x03, 0x55, 0x80, 0x01, 0x0A, 0x00, 0x80, 0x80, 0x03, 0xFF, 0x81, 0xEF, 0x01,
    0x0A, 0x00, 0x80, 0xF9, 0x03, 0xFF, 0x80, 0x2F, 0x09, 0x00, 0x85, 0x53, 0x65, 0xED, 0xBE, 0x99,
    0x49, 0x09, 0x00, 0x80, 0xF4, 0x03, 0xFF, 0x80, 0x4F, 0x0A, 0x00, 0x80, 0x60, 0x04, 0xFF, 0x80,
    0x06, 0x0A, 0x00, 0x80, 0x60, 0x03, 0x99, 0x80, 0x06, 0x09, 0x00, 0x80, 0x51, 0x02, 0x55, 0x80,
    0x45, 0x0B, 0x00, 0x80, 0xE1, 0x03, 0xFF, 0x80, 0x8F, 0x0A, 0x00, 0x80, 0x20, 0x04, 0xFF, 0x80,
    0x09, 0x0A, 0x00, 0x80, 0x40, 0x03, 0x99, 0x80, 0x17, 0x09, 0x00, 0x80, 0x41, 0x02, 0x55, 0x81,
    0x45, 0x01, 0x0A, 0x00, 0x80, 0xB0, 0x03, 0xFF, 0x80, 0xBF, 0x0B, 0x00, 0x80, 0xFD, 0x03, 0xFF,
    0x80, 0x0D, 0x0A, 0x00, 0x81, 0x30, 0x98, 0x02, 0x99, 0x80, 0x28, 0x48, 0x00, 0x03, 0x00, 0x80,
    0x10, 0x07, 0x55, 0x80, 0x01, 0x06, 0x00, 0x80, 0xE1, 0x07, 0xFF, 0x80, 0x1E, 0x06, 0x00, 0x80,
    0xF2, 0x07, 0xFF, 0x80, 0x2F, 0x06, 0x00, 0x80, 0x40, 0x07, 0x99, 0x80, 0x04, 0x04, 0x00, 0x81,
    0x10, 0x54, 0x02, 0x55, 0x80, 0x14, 0x03, 0x00, 0x80, 0x41, 0x02, 0x55, 0x81, 0x45, 0x01, 0x02,
    0x00, 0x80, 0xB0, 0x03, 0xFF, 0x80, 0xBF, 0x03, 0x00, 0x80, 0xFB, 0x03, 0xFF, 0x80, 0x0B, 0x02,
    0x00, 0x80, 0xD0, 0x03, 0xFF, 0x80, 0xDF, 0x03, 0x00, 0x80, 0xFD, 0x03, 0xFF, 0x80, 0x0D, 0x02,
    0x00, 0x81, 0x30, 0x98, 0x02, 0x99, 0x80, 0x28, 0x03, 0x00, 0x80, 0x83, 0x02, 0x99, 0x81, 0x89,
    0x02, 0x02, 0x00, 0x81, 0x10, 0x54, 0x02, 0x55, 0x82, 0x14, 0x00, 0x40, 0x04, 0x55, 0x81, 0x45,
    0x01, 0x02, 0x00, 0x80, 0xB0, 0x03, 0xFF, 0x82, 0xBF, 0x00, 0xF8, 0x05, 0xFF, 0x80, 0x0B, 0x02,
    0x00, 0x80, 0xD0, 0x03, 0xFF, 0x82, 0xDF, 0x00, 0xF9, 0x05, 0xFF, 0x80, 0x0D, 0x02, 0x00, 0x81,
    0x30, 0x98, 0x02, 0x99, 0x82, 0x28, 0x00, 0x71, 0x04, 0x99, 0x81, 0x89, 0x02, 0x02, 0x00, 0x81,
    0x10, 0x54, 0x04, 0x55, 0x82, 0x04, 0x00, 0x41, 0x02, 0x55, 0x81, 0x45, 0x01, 0x02, 0x00, 0x80,
    0xB0, 0x05, 0xFF, 0x82, 0x8F, 0x00, 0xFB, 0x03, 0xFF, 0x80, 0x0B, 0x02, 0x00, 0x80, 0xD0, 0x05,
    0xFF, 0x82, 0x9F, 0x00, 0xFD, 0x03, 0xFF, 0x80, 0x0D, 0x02, 0x00, 0x81, 0x30, 0xED, 0x02, 0xEE,
    0x84, 0x9D, 0x99, 0x17, 0x00, 0xD3, 0x02, 0xEE, 0x81, 0xDE, 0x03, 0x02, 0x00, 0x80, 0xB0, 0x03,
    0xFF, 0x80, 0xBF, 0x03, 0x00, 0x80, 0xFB, 0x03, 0xFF, 0x80, 0x0B, 0x02, 0x00, 0x80, 0xD0, 0x03,
    0xFF, 0x80, 0xDF, 0x03, 0x00, 0x80, 0xFD, 0x03, 0xFF, 0x80, 0x0D, 0x02, 0x00, 0x81, 0x30, 0x98,
    0x02, 0x99, 0x80, 0x28, 0x03, 0x00, 0x80, 0x83, 0x02, 0x99, 0x81, 0x89, 0x02, 0x02, 0x00, 0x81,
    0x10, 0x54, 0x02, 0x55, 0x80, 0x14, 0x03, 0x00, 0x80, 0x41, 0x02, 0x55, 0x81, 0x45, 0x01, 0x02,
    0x00, 0x80, 0xB0, 0x03, 0xFF, 0x80, 0xBF, 0x03, 0x00, 0x80, 0xFB, 0x03, 0xFF, 0x80, 0x0B, 0x02,
    0x00, 0x80, 0xD0, 0x03, 0xFF, 0x80, 0xDF, 0x03, 0x00, 0x80, 0xFD, 0x03, 0xFF, 0x80, 0x0D, 0x02,
    0x00, 0x81, 0x30, 0x98, 0x02, 0x99, 0x80, 0x28, 0x03, 0x00, 0x80, 0x83, 0x02, 0x99, 0x81, 0x89,
    0x02, 0x04, 0x00, 0x80, 0x10, 0x07, 0x55, 0x80, 0x01, 0x06, 0x00, 0x80, 0xE1, 0x07, 0xFF, 0x80,
    0x1E, 0x06, 0x00, 0x80, 0xF2, 0x07, 0xFF, 0x80, 0x2F, 0x06, 0x00, 0x80, 0x40, 0x07, 0x99, 0x80,
    0x04, 0x3F, 0x00, 0x05, 0x00, 0x80, 0x30, 0x03, 0x55, 0x80, 0x03, 0x0A, 0x00, 0x80, 0xF4, 0x03,
    0xFF, 0x80, 0x4F, 0x0A, 0x00, 0x80, 0xF6, 0x03, 0xFF, 0x80, 0x6F, 0x0A, 0x00, 0x80, 0x60, 0x03,
    0x99, 0x80, 0x06, 0x0A, 0x00, 0x80, 0x30, 0x03, 0x55, 0x80, 0x03, 0x0A, 0x00, 0x80, 0xF4, 0x03,
    0xFF, 0x80, 0x4F, 0x0A, 0x00, 0x80, 0xF6, 0x03, 0xFF, 0x80, 0x6F, 0x0A, 0x00, 0x80, 0x60, 0x03,
    0x99, 0x80, 0x06, 0x08, 0x00, 0x80, 0x10, 0x05, 0x55, 0x80, 0x03, 0x08, 0x00, 0x80, 0xE1, 0x05,
    0xFF, 0x80, 0x4F, 0x08, 0x00, 0x80, 0xF2, 0x05, 0xFF, 0x80, 0x6F, 0x08, 0x00, 0x80, 0x40, 0x05,
    0x99, 0x80, 0x06, 0x0A, 0x00, 0x80, 0x30, 0x03, 0x55, 0x80, 0x03, 0x0A, 0x00, 0x80, 0xF4, 0x03,
    0xFF, 0x80, 0x4F, 0x0A, 0x00, 0x80, 0xF6, 0x03, 0xFF, 0x80, 0x6F, 0x0A, 0x00, 0x80, 0x90, 0x03,
    0xEE, 0x80, 0x09, 0x0A, 0x00, 0x80, 0xF4, 0x03, 0xFF, 0x80, 0x4F, 0x0A, 0x00, 0x80, 0xF6, 0x03,
    0xFF, 0x80, 0x6F, 0x0A, 0x00, 0x80, 0x60, 0x03, 0x99, 0x80, 0x06, 0x0A, 0x00, 0x80, 0x30, 0x03,
    0x55, 0x80, 0x03, 0x0A, 0x00, 0x80, 0xF4, 0x03, 0xFF, 0x80, 0x4F, 0x0A, 0x00, 0x80, 0xF6, 0x03,
    0xFF, 0x80, 0x6F, 0x0A, 0x00, 0x80, 0x60, 0x03, 0x99, 0x80, 0x06, 0x06, 0x00, 0x81, 0x10, 0x54,
    0x09, 0x55, 0x81, 0x45, 0x01, 0x02, 0x00, 0x80, 0xB0, 0x0B, 0xFF, 0x80, 0x0B, 0x02, 0x00, 0x80,
    0xD0, 0x0B, 0xFF, 0x80, 0x0D, 0x02, 0x00, 0x81, 0x30, 0x98, 0x09, 0x99, 0x81, 0x89, 0x02, 0x3D,
    0x00, 0x03, 0x00, 0x80, 0x10, 0x07, 0x55, 0x80, 0x01, 0x06, 0x00, 0x80, 0xE1, 0x07, 0xFF, 0x80,
    0x1E, 0x06, 0x00, 0x80, 0xF2, 0x07, 0xFF, 0x80, 0x2F, 0x06, 0x00, 0x80, 0x40, 0x07, 0x99, 0x80,
    0x04, 0x04, 0x00, 0x81, 0x10, 0x54, 0x02, 0x55, 0x80, 0x14, 0x03, 0x00, 0x80, 0x41, 0x02, 0x55,
    0x81, 0x45, 0x01, 0x02, 0x00, 0x80, 0xB0, 0x03, 0xFF, 0x80, 0xBF, 0x03, 0x00, 0x80, 0xFB, 0x03,
    0xFF, 0x80, 0x0B, 0x02, 0x00, 0x80, 0xD0, 0x03, 0xFF, 0x80, 0xDF, 0x03, 0x00, 0x80, 0xFD, 0x03,
    0xFF, 0x80, 0x0D, 0x02, 0x00, 0x81, 0x30, 0x98, 0x02, 0x99, 0x80, 0x28, 0x03, 0x00, 0x80, 0x83,
    0x02, 0x99, 0x81, 0x89, 0x02, 0x0A, 0x00, 0x80, 0x41, 0x02, 0x55, 0x81, 0x45, 0x01, 0x0A, 0x00,
    0x80, 0xFB, 0x03, 0xFF, 0x80, 0x0B, 0x0A, 0x00, 0x80, 0xFD, 0x03, 0xFF, 0x80, 0x0D, 0x0A, 0x00,
    0x80, 0x83, 0x02, 0x99, 0x81, 0x89, 0x02, 0x08, 0x00, 0x80, 0x40, 0x03, 0x55, 0x80, 0x01, 0x0A,
    0x00, 0x80, 0xF8, 0x03, 0xFF, 0x80, 0x1E, 0x0A, 0x00, 0x80, 0xF9, 0x03, 0xFF, 0x80, 0x2F, 0x06,
    0x00, 0x80, 0x10, 0x03, 0x55, 0x80, 0x75, 0x03, 0x99, 0x80, 0x04, 0x06, 0x00, 0x80, 0xE1, 0x03,
    0xFF, 0x80, 0x8F, 0x0A, 0x00, 0x80, 0xF2, 0x03, 0xFF, 0x80, 0x9F, 0x0A, 0x00, 0x80, 0x40, 0x03,
    0x99, 0x80, 0x17, 0x08, 0x00, 0x81, 0x10, 0x54, 0x02, 0x55, 0x80, 0x14, 0x0A, 0x00, 0x80, 0xB0,
    0x03, 0xFF, 0x80, 0xBF, 0x0A, 0x00, 0x80, 0xD0, 0x03, 0xFF, 0x80, 0xDF, 0x0A, 0x00, 0x81, 0x30,
    0x98, 0x02, 0x99, 0x80, 0x28, 0x0A, 0x00, 0x81, 0x10, 0x54, 0x09, 0x55, 0x81, 0x45, 0x01, 0x02,
    0x00, 0x80, 0xB0, 0x0B, 0xFF, 0x80, 0x0B, 0x02, 0x00, 0x80, 0xD0, 0x0B, 0xFF, 0x80, 0x0D, 0x02,
    0x00, 0x81, 0x30, 0x98, 0x09, 0x99, 0x81, 0x89, 0x02, 0x3D, 0x00, 0x03, 0x00, 0x80, 0x10, 0x07,
    0x55, 0x80, 0x01, 0x06, 0x00, 0x80, 0xE1, 0x07, 0xFF, 0x80, 0x1E, 0x06, 0x00, 0x80, 0xF2, 0x07,
    0xFF, 0x80, 0x2F, 0x06, 0x00, 0x80, 0x40, 0x07, 0x99, 0x80, 0x04, 0x04, 0x00, 0x81, 0x10, 0x54,
    0x02, 0x55, 0x80, 0x14, 0x03, 0x00, 0x80, 0x41, 0x02, 0x55, 0x81, 0x45, 0x01, 0x02, 0x00, 0x80,
    0xB0, 0x03, 0xFF, 0x80, 0xBF, 0x03, 0x00, 0x80, 0xFB, 0x03, 0xFF, 0x80, 0x0B, 0x02, 0x00, 0x80,
    0xD0, 0x03, 0xFF, 0x80, 0xDF, 0x03, 0x00, 0x80, 0xFD, 0x03, 0xFF, 0x80, 0x0D, 0x02, 0x00, 0x81,
    0x30, 0x98, 0x02, 0x99, 0x80, 0x28, 0x03, 0x00, 0x80, 0x83, 0x02, 0x99, 0x81, 0x89, 0x02, 0x0A,
    0x00, 0x80, 0x41, 0x02, 0x55, 0x81, 0x45, 0x01, 0x0A, 0x00, 0x80, 0xFB, 0x03, 0xFF, 0x80, 0x0B,
    0x0A, 0x00, 0x80, 0xFD, 0x03, 0xFF, 0x80, 0x0D, 0x0A, 0x00, 0x80, 0x83, 0x02, 0x99, 0x81, 0x89,
    0x02, 0x06, 0x00, 0x80, 0x30, 0x05, 0x55, 0x80, 0x01, 0x08, 0x00, 0x80, 0xF4, 0x05, 0xFF, 0x80,
    0x1E, 0x08, 0x00, 0x80, 0xF6, 0x05, 0xFF, 0x80, 0x2F, 0x08, 0x00, 0x80, 0x60, 0x03, 0x99, 0x84,
    0xD9, 0xEE, 0x5A, 0x45, 0x01, 0x0A, 0x00, 0x80, 0xFB, 0x03, 0xFF, 0x80, 0x0B, 0x0A, 0x00, 0x80,
    0xFD, 0x03, 0xFF, 0x80, 0x0D, 0x0A, 0x00, 0x80, 0x83, 0x02, 0x99, 0x81, 0x89, 0x02, 0x02, 0x00,
    0x81, 0x10, 0x54, 0x02, 0x55, 0x80, 0x14, 0x03, 0x00, 0x80, 0x41, 0x02, 0x55, 0x81, 0x45, 0x01,
    0x02, 0x00, 0x80, 0xB0, 0x03, 0xFF, 0x80, 0xBF, 0x03, 0x00, 0x80, 0xFB, 0x03, 0xFF, 0x80, 0x0B,
    0x02, 0x00, 0x80, 0xD0, 0x03, 0xFF, 0x80, 0xDF, 0x03, 0x00, 0x80, 0xFD, 0x03, 0xFF, 0x80, 0x0D,
    0x02, 0x00, 0x81, 0x30, 0x98, 0x02, 0x99, 0x80, 0x28, 0x03, 0x00, 0x80, 0x83, 0x02, 0x99, 0x81,
    0x89, 0x02, 0x04, 0x00, 0x80, 0x10, 0x07, 0x55, 0x80, 0x01, 0x06, 0x00, 0x80, 0xE1, 0x07, 0xFF,
    0x80, 0x1E, 0x06, 0x00, 0x80, 0xF2, 0x07, 0xFF, 0x80, 0x2F, 0x06, 0x00, 0x80, 0x40, 0x07, 0x99,
    0x80, 0x04, 0x3F, 0x00, 0x09, 0x00, 0x80, 0x41, 0x02, 0x55, 0x81, 0x45, 0x01, 0x0A, 0x00, 0x80,
    0xB0, 0x03, 0xFF, 0x80, 0xBF, 0x0B, 0x00, 0x80, 0xFD, 0x03, 0xFF, 0x80, 0x0D, 0x0A, 0x00, 0x81,
    0x30, 0x98, 0x02, 0x99, 0x80, 0x28, 0x09, 0x00, 0x80, 0x40, 0x04, 0x55, 0x81, 0x45, 0x01, 0x08,
    0x00, 0x80, 0x80, 0x05, 0xFF, 0x80, 0xBF, 0x09, 0x00, 0x80, 0xF9, 0x05, 0xFF, 0x80, 0x0D, 0x08,
    0x00, 0x81, 0x10, 0x97, 0x04, 0x99, 0x80, 0x28, 0x07, 0x00, 0x80, 0x30, 0x06, 0x55, 0x81, 0x45,
    0x01, 0x06, 0x00, 0x80, 0x40, 0x07, 0xFF, 0x80, 0xBF, 0x07, 0x00, 0x80, 0xF6, 0x07, 0xFF, 0x80,
    0x0D, 0x07, 0x00, 0x80, 0x96, 0x06, 0x99, 0x80, 0x28, 0x03, 0x00, 0x81, 0x10, 0x54, 0x02, 0x55,
    0x80, 0x14, 0x03, 0x00, 0x80, 0x41, 0x02, 0x55, 0x81, 0x45, 0x01, 0x03, 0x00, 0x80, 0xFB, 0x03,
    0xFF, 0x80, 0x0B, 0x02, 0x00, 0x80, 0xB0, 0x03, 0xFF, 0x80, 0xBF, 0x03, 0x00, 0x80, 0xD0, 0x03,
    0xFF, 0x80, 0xDF, 0x03, 0x00, 0x80, 0xFD, 0x03, 0xFF, 0x80, 0x0D, 0x03, 0x00, 0x80, 0xD3, 0x02,
    0xEE, 0x81, 0xDE, 0x58, 0x02, 0x55, 0x81, 0x85, 0xED, 0x02, 0xEE, 0x84, 0x8D, 0x55, 0x04, 0x00,
    0xB0, 0x0D, 0xFF, 0x82, 0x08, 0x00, 0xFD, 0x0C, 0xFF, 0x83, 0x9F, 0x00, 0x30, 0x98, 0x0B, 0x99,
    0x81, 0x79, 0x01, 0x08, 0x00, 0x81, 0x10, 0x54, 0x02, 0x55, 0x80, 0x14, 0x0B, 0x00, 0x80, 0xFB,
    0x03, 0xFF, 0x80, 0x0B, 0x0A, 0x00, 0x80, 0xD0, 0x03, 0xFF, 0x80, 0xDF, 0x0B, 0x00, 0x80, 0x83,
    0x02, 0x99, 0x81, 0x89, 0x02, 0x0A, 0x00, 0x81, 0x10, 0x54, 0x02, 0x55, 0x80, 0x14, 0x0B, 0x00,
    0x80, 0xFB, 0x03, 0xFF, 0x80, 0x0B, 0x0A, 0x00, 0x80, 0xD0, 0x03, 0xFF, 0x80, 0xDF, 0x0B, 0x00,
    0x80, 0x83, 0x02, 0x99, 0x81, 0x89, 0x02, 0x40, 0x00, 0x82, 0x00, 0x10, 0x54, 0x09, 0x55, 0x81,
    0x45, 0x01, 0x02, 0x00, 0x80, 0xB0, 0x0B, 0xFF, 0x80, 0x0B, 0x02, 0x00, 0x80, 0xD0, 0x0B, 0xFF,
    0x80, 0x0D, 0x02, 0x00, 0x81, 0x30, 0x98, 0x09, 0x99, 0x81, 0x89, 0x02, 0x02, 0x00, 0x81, 0x10,
    0x54, 0x02, 0x55, 0x80, 0x14, 0x0A, 0x00, 0x80, 0xB0, 0x03, 0xFF, 0x80, 0xBF, 0x0A, 0x00, 0x80,
    0xD0, 0x03, 0xFF, 0x80, 0xDF, 0x0A, 0x00, 0x81, 0x30, 0x98, 0x02, 0x99, 0x80, 0x28, 0x0A, 0x00,
    0x81, 0x10, 0x54, 0x08, 0x55, 0x80, 0x01, 0x04, 0x00, 0x80, 0xB0, 0x09, 0xFF, 0x80, 0x1E, 0x04,
    0x00, 0x80, 0xD0, 0x09, 0xFF, 0x80, 0x2F, 0x04, 0x00, 0x81, 0x30, 0x98, 0x08, 0x99, 0x80, 0x04,
    0x0C, 0x00, 0x80, 0x41, 0x02, 0x55, 0x81, 0x45, 0x01, 0x0A, 0x00, 0x80, 0xFB, 0x03, 0xFF, 0x80,
    0x0B, 0x0A, 0x00, 0x80, 0xFD, 0x03, 0xFF, 0x80, 0x0D, 0x0A, 0x00, 0x80, 0xD3, 0x02, 0xEE, 0x81,
    0xDE, 0x03, 0x0A, 0x00, 0x80, 0xFB, 0x03, 0xFF, 0x80, 0x0B, 0x0A, 0x00, 0x80, 0xFD, 0x03, 0xFF,
    0x80, 0x0D, 0x0A, 0x00, 0x80, 0x83, 0x02, 0x99, 0x81, 0x89, 0x02, 0x02, 0x00, 0x81, 0x10, 0x54,
    0x02, 0x55, 0x80, 0x14, 0x03, 0x00, 0x80, 0x41, 0x02, 0x55, 0x81, 0x45, 0x01, 0x02, 0x00, 0x80,
    0xB0, 0x03, 0xFF, 0x80, 0xBF, 0x03, 0x00, 0x80, 0xFB, 0x03, 0xFF, 0x80, 0x0B, 0x02, 0x00, 0x80,
    0xD0, 0x03, 0xFF, 0x80, 0xDF, 0x03, 0x00, 0x80, 0xFD, 0x03, 0xFF, 0x80, 0x0D, 0x02, 0x00, 0x81,
    0x30, 0x98, 0x02, 0x99, 0x80, 0x28, 0x03, 0x00, 0x80, 0x83, 0x02, 0x99, 0x81, 0x89, 0x02, 0x04,
    0x00, 0x80, 0x10, 0x07, 0x55, 0x80, 0x01, 0x06, 0x00, 0x80, 0xE1, 0x07, 0xFF, 0x80, 0x1E, 0x06,
    0x00, 0x80, 0xF2, 0x07, 0xFF, 0x80, 0x2F, 0x06, 0x00, 0x80, 0x40, 0x07, 0x99, 0x80, 0x04, 0x3F,
    0x00, 0x03, 0x00, 0x80, 0x10, 0x07, 0x55, 0x80, 0x01, 0x06, 0x00, 0x80, 0xE1, 0x07, 0xFF, 0x80,
    0x1E, 0x06, 0x00, 0x80, 0xF2, 0x07, 0xFF, 0x80, 0x2F, 0x06, 0x00, 0x80, 0x40, 0x07, 0x99, 0x80,
    0x04, 0x04, 0x00, 0x81, 0x10, 0x54, 0x02, 0x55, 0x80, 0x14, 0x03, 0x00, 0x80, 0x41, 0x02, 0x55,
    0x81, 0x45, 0x01, 0x02, 0x00, 0x80, 0xB0, 0x03, 0xFF, 0x80, 0xBF, 0x03, 0x00, 0x80, 0xFB, 0x03,
    0xFF, 0x80, 0x0B, 0x02, 0x00, 0x80, 0xD0, 0x03, 0xFF, 0x80, 0xDF, 0x03, 0x00, 0x80, 0xFD, 0x03,
    0xFF, 0x80, 0x0D, 0x02, 0x00, 0x81, 0x30, 0x98, 0x02, 0x99, 0x80, 0x28, 0x03, 0x00, 0x80, 0x83,
    0x02, 0x99, 0x81, 0x89, 0x02, 0x02, 0x00, 0x81, 0x10, 0x54, 0x02, 0x55, 0x80, 0x14, 0x0A, 0x00,
    0x80, 0xB0, 0x03, 0xFF, 0x80, 0xBF, 0x0A, 0x00, 0x80, 0xD0, 0x03, 0xFF, 0x80, 0xDF, 0x0A, 0x00,
    0x81, 0x30, 0x98, 0x02, 0x99, 0x80, 0x28, 0x0A, 0x00, 0x81, 0x10, 0x54, 0x08, 0x55, 0x80, 0x01,
    0x04, 0x00, 0x80, 0xB0, 0x09, 0xFF, 0x80, 0x1E, 0x04, 0x00, 0x80, 0xD0, 0x09, 0xFF, 0x80, 0x2F,
    0x04, 0x00, 0x81, 0x30, 0xED, 0x02, 0xEE, 0x80, 0x9D, 0x03, 0x99, 0x84, 0xD9, 0xEE, 0x5A, 0x45,
    0x01, 0x02, 0x00, 0x80, 0xB0, 0x03, 0xFF, 0x80, 0xBF, 0x03, 0x00, 0x80, 0xFB, 0x03, 0xFF, 0x80,
    0x0B, 0x02, 0x00, 0x80, 0xD0, 0x03, 0xFF, 0x80, 0xDF, 0x03, 0x00, 0x80, 0xFD, 0x03, 0xFF, 0x80,
    0x0D, 0x02, 0x00, 0x81, 0x30, 0x98, 0x02, 0x99, 0x80, 0x28, 0x03, 0x00, 0x80, 0x83, 0x02, 0x99,
    0x81, 0x89, 0x02, 0x02, 0x00, 0x81, 0x10, 0x54, 0x02, 0x55, 0x80, 0x14, 0x03, 0x00, 0x80, 0x41,
    0x02, 0x55, 0x81, 0x45, 0x01, 0x02, 0x00, 0x80, 0xB0, 0x03, 0xFF, 0x80, 0xBF, 0x03, 0x00, 0x80,
    0xFB, 0x03, 0xFF, 0x80, 0x0B, 0x02, 0x00, 0x80, 0xD0, 0x03, 0xFF, 0x80, 0xDF, 0x03, 0x00, 0x80,
    0xFD, 0x03, 0xFF, 0x80, 0x0D, 0x02, 0x00, 0x81, 0x30, 0x98, 0x02, 0x99, 0x80, 0x28, 0x03, 0x00,
    0x80, 0x83, 0x02, 0x99, 0x81, 0x89, 0x02, 0x04, 0x00, 0x80, 0x10, 0x07, 0x55, 0x80, 0x01, 0x06,
    0x00, 0x80, 0xE1, 0x07, 0xFF, 0x80, 0x1E, 0x06, 0x00, 0x80, 0xF2, 0x07, 0xFF, 0x80, 0x2F, 0x06,
    0x00, 0x80, 0x40, 0x07, 0x99, 0x80, 0x04, 0x3F, 0x00, 0x82, 0x00, 0x10, 0x54, 0x09, 0x55, 0x81,
    0x45, 0x01, 0x02, 0x00, 0x80, 0xB0, 0x0B, 0xFF, 0x80, 0x0B, 0x02, 0x00, 0x80, 0xD0, 0x0B, 0xFF,
    0x80, 0x0D, 0x02, 0x00, 0x81, 0x30, 0x98, 0x09, 0x99, 0x81, 0x89, 0x02, 0x02, 0x00, 0x81, 0x10,
    0x54, 0x02, 0x55, 0x80, 0x14, 0x03, 0x00, 0x80, 0x41, 0x02, 0x55, 0x81, 0x45, 0x01, 0x02, 0x00,
    0x80, 0xB0, 0x03, 0xFF, 0x80, 0xBF, 0x03, 0x00, 0x80, 0xFB, 0x03, 0xFF, 0x80, 0x0B, 0x02, 0x00,
    0x80, 0xD0, 0x03, 0xFF, 0x80, 0xDF, 0x03, 0x00, 0x80, 0xFD, 0x03, 0xFF, 0x80, 0x0D, 0x02, 0x00,
    0x81, 0x30, 0x98, 0x02, 0x99, 0x80, 0x28, 0x03, 0x00, 0x80, 0x83, 0x02, 0x99, 0x81, 0x89, 0x02,
    0x08, 0x00, 0x80, 0x40, 0x03, 0x55, 0x80, 0x01, 0x0A, 0x00, 0x80, 0xF8, 0x03, 0xFF, 0x80, 0x1E,
    0x0A, 0x00, 0x80, 0xF9, 0x03, 0xFF, 0x80, 0x2F, 0x0A, 0x00, 0x80, 0x71, 0x03, 0x99, 0x80, 0x04,
    0x08, 0x00, 0x80, 0x30, 0x03, 0x55, 0x80, 0x03, 0x0A, 0x00, 0x80, 0xF4, 0x03, 0xFF, 0x80, 0x4F,
    0x0A, 0x00, 0x80, 0xF6, 0x03, 0xFF, 0x80, 0x6F, 0x0A, 0x00, 0x80, 0x90, 0x03, 0xEE, 0x80, 0x09,
    0x0A, 0x00, 0x80, 0xF4, 0x03, 0xFF, 0x80, 0x4F, 0x0A, 0x00, 0x80, 0xF6, 0x03, 0xFF, 0x80, 0x6F,
    0x0A, 0x00, 0x80, 0x60, 0x03, 0x99, 0x80, 0x06, 0x0A, 0x00, 0x80, 0x30, 0x03, 0x55, 0x80, 0x03,
    0x0A, 0x00, 0x80, 0xF4, 0x03, 0xFF, 0x80, 0x4F, 0x0A, 0x00, 0x80, 0xF6, 0x03, 0xFF, 0x80, 0x6F,
    0x0A, 0x00, 0x80, 0x60, 0x03, 0x99, 0x80, 0x06, 0x0A, 0x00, 0x80, 0x30, 0x03, 0x55, 0x80, 0x03,
    0x0A, 0x00, 0x80, 0xF4, 0x03, 0xFF, 0x80, 0x4F, 0x0A, 0x00, 0x80, 0xF6, 0x03, 0xFF, 0x80, 0x6F,
    0x0A, 0x00, 0x80, 0x60, 0x03, 0x99, 0x80, 0x06, 0x41, 0x00, 0x03, 0x00, 0x80, 0x10, 0x07, 0x55,
    0x80, 0x01, 0x06, 0x00, 0x80, 0xE1, 0x07, 0xFF, 0x80, 0x1E, 0x06, 0x00, 0x80, 0xF2, 0x07, 0xFF,
    0x80, 0x2F, 0x06, 0x00, 0x80, 0x40, 0x07, 0x99, 0x80, 0x04, 0x04, 0x00, 0x81, 0x10, 0x54, 0x02,
    0x55, 0x80, 0x14, 0x03, 0x00, 0x80, 0x41, 0x02, 0x55, 0x81, 0x45, 0x01, 0x02, 0x00, 0x80, 0xB0,
    0x03, 0xFF, 0x80, 0xBF, 0x03, 0x00, 0x80, 0xFB, 0x03, 0xFF, 0x80, 0x0B, 0x02, 0x00, 0x80, 0xD0,
    0x03, 0xFF, 0x80, 0xDF, 0x03, 0x00, 0x80, 0xFD, 0x03, 0xFF, 0x80, 0x0D, 0x02, 0x00, 0x81, 0x30,
    0x98, 0x02, 0x99, 0x80, 0x28, 0x03, 0x00, 0x80, 0x83, 0x02, 0x99, 0x81, 0x89, 0x02, 0x02, 0x00,
    0x81, 0x10, 0x54, 0x02, 0x55, 0x80, 0x14, 0x03, 0x00, 0x80, 0x41, 0x02, 0x55, 0x81, 0x45, 0x01,
    0x02, 0x00, 0x80, 0xB0, 0x03, 0xFF, 0x80, 0xBF, 0x03, 0x00, 0x80, 0xFB, 0x03, 0xFF, 0x80, 0x0B,
    0x02, 0x00, 0x80, 0xD0, 0x03, 0xFF, 0x80, 0xDF, 0x03, 0x00, 0x80, 0xFD, 0x03, 0xFF, 0x80, 0x0D,
    0x02, 0x00, 0x81, 0x30, 0x98, 0x02, 0x99, 0x80, 0x28, 0x03, 0x00, 0x80, 0x83, 0x02, 0x99, 0x81,
    0x89, 0x02, 0x04, 0x00, 0x80, 0x10, 0x07, 0x55, 0x80, 0x01, 0x06, 0x00, 0x80, 0xE1, 0x07, 0xFF,
    0x80, 0x1E, 0x06, 0x00, 0x80, 0xF2, 0x07, 0xFF, 0x80, 0x2F, 0x04, 0x00, 0x84, 0x10, 0x54, 0xA5,
    0xEE, 0x9D, 0x03, 0x99, 0x84, 0xD9, 0xEE, 0x5A, 0x45, 0x01, 0x02, 0x00, 0x80, 0xB0, 0x03, 0xFF,
    0x80, 0xBF, 0x03, 0x00, 0x80, 0xFB, 0x03, 0xFF, 0x80, 0x0B, 0x02, 0x00, 0x80, 0xD0, 0x03, 0xFF,
    0x80, 0xDF, 0x03, 0x00, 0x80, 0xFD, 0x03, 0xFF, 0x80, 0x0D, 0x02, 0x00, 0x81, 0x30, 0x98, 0x02,
    0x99, 0x80, 0x28, 0x03, 0x00, 0x80, 0x83, 0x02, 0x99, 0x81, 0x89, 0x02, 0x02, 0x00, 0x81, 0x10,
    0x54, 0x02, 0x55, 0x80, 0x14, 0x03, 0x00, 0x80, 0x41, 0x02, 0x55, 0x81, 0x45, 0x01, 0x02, 0x00,
    0x80, 0xB0, 0x03, 0xFF, 0x80, 0xBF, 0x03, 0x00, 0x80, 0xFB, 0x03, 0xFF, 0x80, 0x0B, 0x02, 0x00,
    0x80, 0xD0, 0x03, 0xFF, 0x80, 0xDF, 0x03, 0x00, 0x80, 0xFD, 0x03, 0xFF, 0x80, 0x0D, 0x02, 0x00,
    0x81, 0x30, 0x98, 0x02, 0x99, 0x80, 0x28, 0x03, 0x00, 0x80, 0x83, 0x02, 0x99, 0x81, 0x89, 0x02,
    0x04, 0x00, 0x80, 0x10, 0x07, 0x55, 0x80, 0x01, 0x06, 0x00, 0x80, 0xE1, 0x07, 0xFF, 0x80, 0x1E,
    0x06, 0x00, 0x80, 0xF2, 0x07, 0xFF, 0x80, 0x2F, 0x06, 0x00, 0x80, 0x40, 0x07, 0x99, 0x80, 0x04,
    0x3F, 0x00, 0x03, 0x00, 0x80, 0x10, 0x07, 0x55, 0x80, 0x01, 0x06, 0x00, 0x80, 0xE1, 0x07, 0xFF,
    0x80, 0x1E, 0x06, 0x00, 0x80, 0xF2, 0x07, 0xFF, 0x80, 0x2F, 0x06, 0x00, 0x80, 0x40, 0x07, 0x99,
    0x80, 0x04, 0x04, 0x00, 0x81, 0x10, 0x54, 0x02, 0x55, 0x80, 0x14, 0x03, 0x00, 0x80, 0x41, 0x02,
    0x55, 0x81, 0x45, 0x01, 0x02, 0x00, 0x80, 0xB0, 0x03, 0xFF, 0x80, 0xBF, 0x03, 0x00, 0x80, 0xFB,
    0x03, 0xFF, 0x80, 0x0B, 0x02, 0x00, 0x80, 0xD0, 0x03, 0xFF, 0x80, 0xDF, 0x03, 0x00, 0x80, 0xFD,
    0x03, 0xFF, 0x80, 0x0D, 0x02, 0x00, 0x81, 0x30, 0x98, 0x02, 0x99, 0x80, 0x28, 0x03, 0x00, 0x80,
    0x83, 0x02, 0x99, 0x81, 0x89, 0x02, 0x02, 0x00, 0x81, 0x10, 0x54, 0x02, 0x55, 0x80, 0x14, 0x03,
    0x00, 0x80, 0x41, 0x02, 0x55, 0x81, 0x45, 0x01, 0x02, 0x00, 0x80, 0xB0, 0x03, 0xFF, 0x80, 0xBF,
    0x03, 0x00, 0x80, 0xFB, 0x03, 0xFF, 0x80, 0x0B, 0x02, 0x00, 0x80, 0xD0, 0x03, 0xFF, 0x80, 0xDF,
    0x03, 0x00, 0x80, 0xFD, 0x03, 0xFF, 0x80, 0x0D, 0x02, 0x00, 0x81, 0x30, 0x98, 0x02, 0x99, 0x80,
    0x28, 0x03, 0x00, 0x80, 0x83, 0x02, 0x99, 0x81, 0x89, 0x02, 0x04, 0x00, 0x80, 0x10, 0x08, 0x55,
    0x81, 0x45, 0x01, 0x04, 0x00, 0x80, 0xE1, 0x09, 0xFF, 0x80, 0x0B, 0x04, 0x00, 0x80, 0xF2, 0x09,
    0xFF, 0x80, 0x0D, 0x04, 0x00, 0x80, 0x40, 0x05, 0x99, 0x80, 0xD9, 0x02, 0xEE, 0x81, 0xDE, 0x03,
    0x0A, 0x00, 0x80, 0xFB, 0x03, 0xFF, 0x80, 0x0B, 0x0A, 0x00, 0x80, 0xFD, 0x03, 0xFF, 0x80, 0x0D,
    0x0A, 0x00, 0x80, 0x83, 0x02, 0x99, 0x81, 0x89, 0x02, 0x02, 0x00, 0x81, 0x10, 0x54, 0x02, 0x55,
    0x80, 0x14, 0x03, 0x00, 0x80, 0x41, 0x02, 0x55, 0x81, 0x45, 0x01, 0x02, 0x00, 0x80, 0xB0, 0x03,
    0xFF, 0x80, 0xBF, 0x03, 0x00, 0x80, 0xFB, 0x03, 0xFF, 0x80, 0x0B, 0x02, 0x00, 0x80, 0xD0, 0x03,
    0xFF, 0x80, 0xDF, 0x03, 0x00, 0x80, 0xFD, 0x03, 0xFF, 0x80, 0x0D, 0x02, 0x00, 0x81, 0x30, 0x98,
    0x02, 0x99, 0x80, 0x28, 0x03, 0x00, 0x80, 0x83, 0x02, 0x99, 0x81, 0x89, 0x02, 0x04, 0x00, 0x80,
    0x10, 0x07, 0x55, 0x80, 0x01, 0x06, 0x00, 0x80, 0xE1, 0x07, 0xFF, 0x80, 0x1E, 0x06, 0x00, 0x80,
    0xF2, 0x07, 0xFF, 0x80, 0x2F, 0x06, 0x00, 0x80, 0x40, 0x07, 0x99, 0x80, 0x04, 0x3F, 0x00, 0x7D,
    0x00, 0x80, 0x30, 0x03, 0x55, 0x80, 0x03, 0x0A, 0x00, 0x80, 0xF4, 0x03, 0xFF, 0x80, 0x4F, 0x0A,
    0x00, 0x80, 0xF6, 0x03, 0xFF, 0x80, 0x6F, 0x0A, 0x00, 0x80, 0x60, 0x03, 0x99, 0x80, 0x06, 0x73,
    0x00, 0x80, 0x30, 0x03, 0x55, 0x80, 0x03, 0x0A, 0x00, 0x80, 0xF4, 0x03, 0xFF, 0x80, 0x4F, 0x0A,
    0x00, 0x80, 0xF6, 0x03, 0xFF, 0x80, 0x6F, 0x0A, 0x00, 0x80, 0x60, 0x03, 0x99, 0x80, 0x06, 0x7D,
    0x00, 0x7D, 0x00, 0x80, 0x30, 0x03, 0x55, 0x80, 0x03, 0x0A, 0x00, 0x80, 0xF4, 0x03, 0xFF, 0x80,
    0x4F, 0x0A, 0x00, 0x80, 0xF6, 0x03, 0xFF, 0x80, 0x6F, 0x0A, 0x00, 0x80, 0x60, 0x03, 0x99, 0x80,
    0x06, 0x73, 0x00, 0x80, 0x30, 0x03, 0x55, 0x80, 0x03, 0x0A, 0x00, 0x80, 0xF4, 0x03, 0xFF, 0x80,
    0x4F, 0x0A, 0x00, 0x80, 0xF6, 0x03, 0xFF, 0x80, 0x6F, 0x0A, 0x00, 0x80, 0x60, 0x03, 0x99, 0x80,
    0x06, 0x0A, 0x00, 0x80, 0x30, 0x03, 0x55, 0x80, 0x03, 0x0A, 0x00, 0x80, 0xF4, 0x03, 0xFF, 0x80,
    0x4F, 0x0A, 0x00, 0x80, 0xF6, 0x03, 0xFF, 0x80, 0x6F, 0x0A, 0x00, 0x80, 0x60, 0x03, 0x99, 0x80,
    0x06, 0x08, 0x00, 0x80, 0x10, 0x03, 0x55, 0x80, 0x04, 0x0A, 0x00, 0x80, 0xE1, 0x03, 0xFF, 0x80,
    0x8F, 0x0A, 0x00, 0x80, 0xF2, 0x03, 0xFF, 0x80, 0x9F, 0x0A, 0x00, 0x80, 0x40, 0x03, 0x99, 0x80,
    0x17, 0x07, 0x00, 0x07, 0x00, 0x80, 0x40, 0x04, 0x55, 0x81, 0x45, 0x01, 0x08, 0x00, 0x80, 0xF8,
    0x05, 0xFF, 0x80, 0x0B, 0x08, 0x00, 0x80, 0xF9, 0x05, 0xFF, 0x80, 0x0D, 0x08, 0x00, 0x80, 0x71,
    0x04, 0x99, 0x81, 0x89, 0x02, 0x06, 0x00, 0x80, 0x30, 0x03, 0x55, 0x80, 0x03, 0x0A, 0x00, 0x80,
    0xF4, 0x03, 0xFF, 0x80, 0x4F, 0x0A, 0x00, 0x80, 0xF6, 0x03, 0xFF, 0x80, 0x6F, 0x0A, 0x00, 0x80,
    0x60, 0x03, 0x99, 0x80, 0x06, 0x08, 0x00, 0x80, 0x10, 0x03, 0x55, 0x80, 0x04, 0x0A, 0x00, 0x80,
    0xE1, 0x03, 0xFF, 0x80, 0x8F, 0x0A, 0x00, 0x80, 0xF2, 0x03, 0xFF, 0x80, 0x9F, 0x0A, 0x00, 0x80,
    0x40, 0x03, 0x99, 0x80, 0x17, 0x08, 0x00, 0x81, 0x10, 0x54, 0x02, 0x55, 0x80, 0x14, 0x0A, 0x00,
    0x80, 0xB0, 0x03, 0xFF, 0x80, 0xBF, 0x0A, 0x00, 0x80, 0xD0, 0x03, 0xFF, 0x80, 0xDF, 0x0A, 0x00,
    0x86, 0x30, 0x98, 0xA9, 0xEE, 0x8D, 0x55, 0x04, 0x0A, 0x00, 0x80, 0xE1, 0x03, 0xFF, 0x80, 0x8F,
    0x0A, 0x00, 0x80, 0xF2, 0x03, 0xFF, 0x80, 0x9F, 0x0A, 0x00, 0x80, 0x40, 0x03, 0x99, 0x80, 0x17,
    0x0C, 0x00, 0x80, 0x30, 0x03, 0x55, 0x80, 0x03, 0x0A, 0x00, 0x80, 0xF4, 0x03, 0xFF, 0x80, 0x4F,
    0x0A, 0x00, 0x80, 0xF6, 0x03, 0xFF, 0x80, 0x6F, 0x0A, 0x00, 0x80, 0x60, 0x03, 0x99, 0x80, 0x06,
    0x0C, 0x00, 0x80, 0x40, 0x04, 0x55, 0x81, 0x45, 0x01, 0x08, 0x00, 0x80, 0xF8, 0x05, 0xFF, 0x80,
    0x0B, 0x08, 0x00, 0x80, 0xF9, 0x05, 0xFF, 0x80, 0x0D, 0x08, 0x00, 0x80, 0x71, 0x04, 0x99, 0x81,
    0x89, 0x02, 0x3D, 0x00, 0x79, 0x00, 0x81, 0x10, 0x54, 0x09, 0x55, 0x81, 0x45, 0x01, 0x02, 0x00,
    0x80, 0xB0, 0x0B, 0xFF, 0x80, 0x0B, 0x02, 0x00, 0x80, 0xD0, 0x0B, 0xFF, 0x80, 0x0D, 0x02, 0x00,
    0x81, 0x30, 0x98, 0x09, 0x99, 0x81, 0x89, 0x02, 0x2F, 0x00, 0x81, 0x10, 0x54, 0x09, 0x55, 0x81,
    0x45, 0x01, 0x02, 0x00, 0x80, 0xB0, 0x0B, 0xFF, 0x80, 0x0B, 0x02, 0x00, 0x80, 0xD0, 0x0B, 0xFF,
    0x80, 0x0D, 0x02, 0x00, 0x81, 0x30, 0x98, 0x09, 0x99, 0x81, 0x89, 0x02, 0x7F, 0x00, 0x36, 0x00,
    0x82, 0x00, 0x10, 0x54, 0x04, 0x55, 0x80, 0x04, 0x08, 0x00, 0x80, 0xB0, 0x05, 0xFF, 0x80, 0x8F,
    0x08, 0x00, 0x80, 0xD0, 0x05, 0xFF, 0x80, 0x9F, 0x08, 0x00, 0x81, 0x30, 0x98, 0x04, 0x99, 0x80,
    0x17, 0x0C, 0x00, 0x80, 0x30, 0x03, 0x55, 0x80, 0x03, 0x0A, 0x00, 0x80, 0xF4, 0x03, 0xFF, 0x80,
    0x4F, 0x0A, 0x00, 0x80, 0xF6, 0x03, 0xFF, 0x80, 0x6F, 0x0A, 0x00, 0x80, 0x60, 0x03, 0x99, 0x80,
    0x06, 0x0C, 0x00, 0x80, 0x40, 0x03, 0x55, 0x80, 0x01, 0x0A, 0x00, 0x80, 0xF8, 0x03, 0xFF, 0x80,
    0x1E, 0x0A, 0x00, 0x80, 0xF9, 0x03, 0xFF, 0x80, 0x2F, 0x0A, 0x00, 0x80, 0x71, 0x03, 0x99, 0x80,
    0x04, 0x0C, 0x00, 0x80, 0x41, 0x02, 0x55, 0x81, 0x45, 0x01, 0x0A, 0x00, 0x80, 0xFB, 0x03, 0xFF,
    0x80, 0x0B, 0x0A, 0x00, 0x80, 0xFD, 0x03, 0xFF, 0x80, 0x0D, 0x08, 0x00, 0x86, 0x40, 0x55, 0xD8,
    0xEE, 0x9A, 0x89, 0x02, 0x08, 0x00, 0x80, 0xF8, 0x03, 0xFF, 0x80, 0x1E, 0x0A, 0x00, 0x80, 0xF9,
    0x03, 0xFF, 0x80, 0x2F, 0x0A, 0x00, 0x80, 0x71, 0x03, 0x99, 0x80, 0x04, 0x08, 0x00, 0x80, 0x30,
    0x03, 0x55, 0x80, 0x03, 0x0A, 0x00, 0x80, 0xF4, 0x03, 0xFF, 0x80, 0x4F, 0x0A, 0x00, 0x80, 0xF6,
    0x03, 0xFF, 0x80, 0x6F, 0x0A, 0x00, 0x80, 0x60, 0x03, 0x99, 0x80, 0x06, 0x06, 0x00, 0x81, 0x10,
    0x54, 0x04, 0x55, 0x80, 0x04, 0x08, 0x00, 0x80, 0xB0, 0x05, 0xFF, 0x80, 0x8F, 0x08, 0x00, 0x80,
    0xD0, 0x05, 0xFF, 0x80, 0x9F, 0x08, 0x00, 0x81, 0x30, 0x98, 0x04, 0x99, 0x80, 0x17, 0x43, 0x00,
    0x03, 0x00, 0x80, 0x10, 0x07, 0x55, 0x80, 0x01, 0x06, 0x00, 0x80, 0xE1, 0x07, 0xFF, 0x80, 0x1E,
    0x06, 0x00, 0x80, 0xF2, 0x07, 0xFF, 0x80, 0x2F, 0x06, 0x00, 0x80, 0x40, 0x07, 0x99, 0x80, 0x04,
    0x04, 0x00, 0x81, 0x10, 0x54, 0x02, 0x55, 0x80, 0x14, 0x03, 0x00, 0x80, 0x41, 0x02, 0x55, 0x81,
    0x45, 0x01, 0x02, 0x00, 0x80, 0xB0, 0x03, 0xFF, 0x80, 0xBF, 0x03, 0x00, 0x80, 0xFB, 0x03, 0xFF,
    0x80, 0x0B, 0x02, 0x00, 0x80, 0xD0, 0x03, 0xFF, 0x80, 0xDF, 0x03, 0x00, 0x80, 0xFD, 0x03, 0xFF,
    0x80, 0x0D, 0x02, 0x00, 0x81, 0x30, 0x98, 0x02, 0x99, 0x80, 0x28, 0x03, 0x00, 0x80, 0x83, 0x02,
    0x99, 0x81, 0x89, 0x02, 0x0A, 0x00, 0x80, 0x41, 0x02, 0x55, 0x81, 0x45, 0x01, 0x0A, 0x00, 0x80,
    0xFB, 0x03, 0xFF, 0x80, 0x0B, 0x0A, 0x00, 0x80, 0xFD, 0x03, 0xFF, 0x80, 0x0D, 0x0A, 0x00, 0x80,
    0x83, 0x02, 0x99, 0x81, 0x89, 0x02, 0x08, 0x00, 0x80, 0x40, 0x03, 0x55, 0x80, 0x01, 0x0A, 0x00,
    0x80, 0xF8, 0x03, 0xFF, 0x80, 0x1E, 0x0A, 0x00, 0x80, 0xF9, 0x03, 0xFF, 0x80, 0x2F, 0x08, 0x00,
    0x86, 0x30, 0x55, 0xD6, 0xEE, 0x9B, 0x99, 0x04, 0x08, 0x00, 0x80, 0xF4, 0x03, 0xFF, 0x80, 0x4F,
    0x0A, 0x00, 0x80, 0xF6, 0x03, 0xFF, 0x80, 0x6F, 0x0A, 0x00, 0x80, 0x60, 0x03, 0x99, 0x80, 0x06,
    0x46, 0x00, 0x80, 0x30, 0x03, 0x55, 0x80, 0x03, 0x0A, 0x00, 0x80, 0xF4, 0x03, 0xFF, 0x80, 0x4F,
    0x0A, 0x00, 0x80, 0xF6, 0x03, 0xFF, 0x80, 0x6F, 0x0A, 0x00, 0x80, 0x60, 0x03, 0x99, 0x80, 0x06,
    0x41, 0x00, 0x03, 0x00, 0x80, 0x10, 0x07, 0x55, 0x80, 0x01, 0x06, 0x00, 0x80, 0xE1, 0x07, 0xFF,
    0x80, 0x1E, 0x06, 0x00, 0x80, 0xF2, 0x07, 0xFF, 0x80, 0x2F, 0x06, 0x00, 0x80, 0x40, 0x07, 0x99,
    0x80, 0x04, 0x04, 0x00, 0x81, 0x10, 0x54, 0x02, 0x55, 0x80, 0x14, 0x03, 0x00, 0x80, 0x41, 0x02,
    0x55, 0x81, 0x45, 0x01, 0x02, 0x00, 0x80, 0xB0, 0x03, 0xFF, 0x80, 0xBF, 0x03, 0x00, 0x80, 0xFB,
    0x03, 0xFF, 0x80, 0x0B, 0x02, 0x00, 0x80, 0xD0, 0x03, 0xFF, 0x80, 0xDF, 0x03, 0x00, 0x80, 0xFD,
    0x03, 0xFF, 0x80, 0x0D, 0x02, 0x00, 0x81, 0x30, 0x98, 0x02, 0x99, 0x80, 0x28, 0x03, 0x00, 0x80,
    0x83, 0x02, 0x99, 0x81, 0x89, 0x02, 0x02, 0x00, 0x81, 0x10, 0x54, 0x02, 0x55, 0x82, 0x14, 0x00,
    0x40, 0x04, 0x55, 0x81, 0x45, 0x01, 0x02, 0x00, 0x80, 0xB0, 0x03, 0xFF, 0x82, 0xBF, 0x00, 0xF8,
    0x05, 0xFF, 0x80, 0x0B, 0x02, 0x00, 0x80, 0xD0, 0x03, 0xFF, 0x82, 0xDF, 0x00, 0xF9, 0x05, 0xFF,
    0x80, 0x0D, 0x02, 0x00, 0x81, 0x30, 0x98, 0x02, 0x99, 0x82, 0x28, 0x00, 0x71, 0x04, 0x99, 0x81,
    0x89, 0x02, 0x02, 0x00, 0x81, 0x10, 0x54, 0x02, 0x55, 0x82, 0x14, 0x00, 0x40, 0x04, 0x55, 0x81,
    0x45, 0x01, 0x02, 0x00, 0x80, 0xB0, 0x03, 0xFF, 0x82, 0xBF, 0x00, 0xF8, 0x05, 0xFF, 0x80, 0x0B,
    0x02, 0x00, 0x80, 0xD0, 0x03, 0xFF, 0x82, 0xDF, 0x00, 0xF9, 0x05, 0xFF, 0x80, 0x0D, 0x02, 0x00,
    0x81, 0x30, 0xED, 0x02, 0xEE, 0x82, 0x3D, 0x00, 0x71, 0x04, 0x99, 0x81, 0x89, 0x02, 0x02, 0x00,
    0x80, 0xB0, 0x03, 0xFF, 0x80, 0xBF, 0x0A, 0x00, 0x80, 0xD0, 0x03, 0xFF, 0x80, 0xDF, 0x0A, 0x00,
    0x81, 0x30, 0x98, 0x02, 0x99, 0x80, 0x28, 0x0A, 0x00, 0x81, 0x10, 0x54, 0x02, 0x55, 0x80, 0x14,
    0x05, 0x00, 0x82, 0x52, 0x55, 0x01, 0x02, 0x00, 0x80, 0xB0, 0x03, 0xFF, 0x80, 0xBF, 0x04, 0x00,
    0x83, 0x10, 0xFE, 0xFF, 0x0C, 0x02, 0x00, 0x80, 0xD0, 0x03, 0xFF, 0x80, 0xDF, 0x04, 0x00, 0x80,
    0x20, 0x02, 0xFF, 0x80, 0x0D, 0x02, 0x00, 0x81, 0x30, 0x98, 0x02, 0x99, 0x80, 0x28, 0x05, 0x00,
    0x82, 0x95, 0x99, 0x03, 0x04, 0x00, 0x80, 0x10, 0x07, 0x55, 0x80, 0x01, 0x06, 0x00, 0x80, 0xE1,
    0x07, 0xFF, 0x80, 0x1E, 0x06, 0x00, 0x80, 0xF2, 0x07, 0xFF, 0x80, 0x2F, 0x06, 0x00, 0x80, 0x40,
    0x07, 0x99, 0x80, 0x04, 0x3F, 0x00, 0x05, 0x00, 0x80, 0x30, 0x03, 0x55, 0x80, 0x03, 0x0A, 0x00,
    0x80, 0xF4, 0x03, 0xFF, 0x80, 0x4F, 0x0A, 0x00, 0x80, 0xF6, 0x03, 0xFF, 0x80, 0x6F, 0x0A, 0x00,
    0x80, 0x60, 0x03, 0x99, 0x80, 0x06, 0x08, 0x00, 0x80, 0x10, 0x07, 0x55, 0x80, 0x01, 0x06, 0x00,
    0x80, 0xE1, 0x07, 0xFF, 0x80, 0x1E, 0x06, 0x00, 0x80, 0xF2, 0x07, 0xFF, 0x80, 0x2F, 0x06, 0x00,
    0x80, 0x40, 0x07, 0x99, 0x80, 0x04, 0x04, 0x00, 0x81, 0x10, 0x54, 0x02, 0x55, 0x80, 0x14, 0x03,
    0x00, 0x80, 0x41, 0x02, 0x55, 0x81, 0x45, 0x01, 0x02, 0x00, 0x80, 0xB0, 0x03, 0xFF, 0x80, 0xBF,
    0x03, 0x00, 0x80, 0xFB, 0x03, 0xFF, 0x80, 0x0B, 0x02, 0x00, 0x80, 0xD0, 0x03, 0xFF, 0x80, 0xDF,
    0x03, 0x00, 0x80, 0xFD, 0x03, 0xFF, 0x80, 0x0D, 0x02, 0x00, 0x81, 0x30, 0x98, 0x02, 0x99, 0x80,
    0x28, 0x03, 0x00, 0x80, 0x83, 0x02, 0x99, 0x81, 0x89, 0x02, 0x02, 0x00, 0x81, 0x10, 0x54, 0x09,
    0x55, 0x81, 0x45, 0x01, 0x02, 0x00, 0x80, 0xB0, 0x0B, 0xFF, 0x80, 0x0B, 0x02, 0x00, 0x80, 0xD0,
    0x0B, 0xFF, 0x80, 0x0D, 0x02, 0x00, 0x81, 0x30, 0xED, 0x02, 0xEE, 0x80, 0x9D, 0x03, 0x99, 0x80,
    0xD9, 0x02, 0xEE, 0x81, 0xDE, 0x03, 0x02, 0x00, 0x80, 0xB0, 0x03, 0xFF, 0x80, 0xBF, 0x03, 0x00,
    0x80, 0xFB, 0x03, 0xFF, 0x80, 0x0B, 0x02, 0x00, 0x80, 0xD0, 0x03, 0xFF, 0x80, 0xDF, 0x03, 0x00,
    0x80, 0xFD, 0x03, 0xFF, 0x80, 0x0D, 0x02, 0x00, 0x81, 0x30, 0x98, 0x02, 0x99, 0x80, 0x28, 0x03,
    0x00, 0x80, 0x83, 0x02, 0x99, 0x81, 0x89, 0x02, 0x02, 0x00, 0x81, 0x10, 0x54, 0x02, 0x55, 0x80,
    0x14, 0x03, 0x00, 0x80, 0x41, 0x02, 0x55, 0x81, 0x45, 0x01, 0x02, 0x00, 0x80, 0xB0, 0x03, 0xFF,
    0x80, 0xBF, 0x03, 0x00, 0x80, 0xFB, 0x03, 0xFF, 0x80, 0x0B, 0x02, 0x00, 0x80, 0xD0, 0x03, 0xFF,
    0x80, 0xDF, 0x03, 0x00, 0x80, 0xFD, 0x03, 0xFF, 0x80, 0x0D, 0x02, 0x00, 0x81, 0x30, 0x98, 0x02,
    0x99, 0x80, 0x28, 0x03, 0x00, 0x80, 0x83, 0x02, 0x99, 0x81, 0x89, 0x02, 0x02, 0x00, 0x81, 0x10,
    0x54, 0x02, 0x55, 0x80, 0x14, 0x03, 0x00, 0x80, 0x41, 0x02, 0x55, 0x81, 0x45, 0x01, 0x02, 0x00,
    0x80, 0xB0, 0x03, 0xFF, 0x80, 0xBF, 0x03, 0x00, 0x80, 0xFB, 0x03, 0xFF, 0x80, 0x0B, 0x02, 0x00,
    0x80, 0xD0, 0x03, 0xFF, 0x80, 0xDF, 0x03, 0x00, 0x80, 0xFD, 0x03, 0xFF, 0x80, 0x0D, 0x02, 0x00,
    0x81, 0x30, 0x98, 0x02, 0x99, 0x80, 0x28, 0x03, 0x00, 0x80, 0x83, 0x02, 0x99, 0x81, 0x89, 0x02,
    0x3D, 0x00, 0x82, 0x00, 0x10, 0x54, 0x08, 0x55, 0x80, 0x01, 0x04, 0x00, 0x80, 0xB0, 0x09, 0xFF,
    0x80, 0x1E, 0x04, 0x00, 0x80, 0xD0, 0x09, 0xFF, 0x80, 0x2F, 0x04, 0x00, 0x81, 0x30, 0x98, 0x08,
    0x99, 0x80, 0x04, 0x04, 0x00, 0x81, 0x10, 0x54, 0x02, 0x55, 0x80, 0x14, 0x03, 0x00, 0x80, 0x41,
    0x02, 0x55, 0x81, 0x45, 0x01, 0x02, 0x00, 0x80, 0xB0, 0x03, 0xFF, 0x80, 0xBF, 0x03, 0x00, 0x80,
    0xFB, 0x03, 0xFF, 0x80, 0x0B, 0x02, 0x00, 0x80, 0xD0, 0x03, 0xFF, 0x80, 0xDF, 0x03, 0x00, 0x80,
    0xFD, 0x03, 0xFF, 0x80, 0x0D, 0x02, 0x00, 0x81, 0x30, 0x98, 0x02, 0x99, 0x80, 0x28, 0x03, 0x00,
    0x80, 0x83, 0x02, 0x99, 0x81, 0x89, 0x02, 0x02, 0x00, 0x81, 0x10, 0x54, 0x02, 0x55, 0x80, 0x14,
    0x03, 0x00, 0x80, 0x41, 0x02, 0x55, 0x81, 0x45, 0x01, 0x02, 0x00, 0x80, 0xB0, 0x03, 0xFF, 0x80,
    0xBF, 0x03, 0x00, 0x80, 0xFB, 0x03, 0xFF, 0x80, 0x0B, 0x02, 0x00, 0x80, 0xD0, 0x03, 0xFF, 0x80,
    0xDF, 0x03, 0x00, 0x80, 0xFD, 0x03, 0xFF, 0x80, 0x0D, 0x02, 0x00, 0x81, 0x30, 0x98, 0x02, 0x99,
    0x80, 0x28, 0x03, 0x00, 0x80, 0x83, 0x02, 0x99, 0x81, 0x89, 0x02, 0x02, 0x00, 0x81, 0x10, 0x54,
    0x08, 0x55, 0x80, 0x01, 0x04, 0x00, 0x80, 0xB0, 0x09, 0xFF, 0x80, 0x1E, 0x04, 0x00, 0x80, 0xD0,
    0x09, 0xFF, 0x80, 0x2F, 0x04, 0x00, 0x81, 0x30, 0xED, 0x02, 0xEE, 0x80, 0x9D, 0x03, 0x99, 0x84,
    0xD9, 0xEE, 0x5A, 0x45, 0x01, 0x02, 0x00, 0x80, 0xB0, 0x03, 0xFF, 0x80, 0xBF, 0x03, 0x00, 0x80,
    0xFB, 0x03, 0xFF, 0x80, 0x0B, 0x02, 0x00, 0x80, 0xD0, 0x03, 0xFF, 0x80, 0xDF, 0x03, 0x00, 0x80,
    0xFD, 0x03, 0xFF, 0x80, 0x0D, 0x02, 0x00, 0x81, 0x30, 0x98, 0x02, 0x99, 0x80, 0x28, 0x03, 0x00,
    0x80, 0x83, 0x02, 0x99, 0x81, 0x89, 0x02, 0x02, 0x00, 0x81, 0x10, 0x54, 0x02, 0x55, 0x80, 0x14,
    0x03, 0x00, 0x80, 0x41, 0x02, 0x55, 0x81, 0x45, 0x01, 0x02, 0x00, 0x80, 0xB0, 0x03, 0xFF, 0x80,
    0xBF, 0x03, 0x00, 0x80, 0xFB, 0x03, 0xFF, 0x80, 0x0B, 0x02, 0x00, 0x80, 0xD0, 0x03, 0xFF, 0x80,
    0xDF, 0x03, 0x00, 0x80, 0xFD, 0x03, 0xFF, 0x80, 0x0D, 0x02, 0x00, 0x81, 0x30, 0x98, 0x02, 0x99,
    0x80, 0x28, 0x03, 0x00, 0x80, 0x83, 0x02, 0x99, 0x81, 0x89, 0x02, 0x02, 0x00, 0x81, 0x10, 0x54,
    0x08, 0x55, 0x80, 0x01, 0x04, 0x00, 0x80, 0xB0, 0x09, 0xFF, 0x80, 0x1E, 0x04, 0x00, 0x80, 0xD0,
    0x09, 0xFF, 0x80, 0x2F, 0x04, 0x00, 0x81, 0x30, 0x98, 0x08, 0x99, 0x80, 0x04, 0x3F, 0x00, 0x03,
    0x00, 0x80, 0x10, 0x07, 0x55, 0x80, 0x01, 0x06, 0x00, 0x80, 0xE1, 0x07, 0xFF, 0x80, 0x1E, 0x06,
    0x00, 0x80, 0xF2, 0x07, 0xFF, 0x80, 0x2F, 0x06, 0x00, 0x80, 0x40, 0x07, 0x99, 0x80, 0x04, 0x04,
    0x00, 0x81, 0x10, 0x54, 0x02, 0x55, 0x80, 0x14, 0x03, 0x00, 0x80, 0x41, 0x02, 0x55, 0x81, 0x45,
    0x01, 0x02, 0x00, 0x80, 0xB0, 0x03, 0xFF, 0x80, 0xBF, 0x03, 0x00, 0x80, 0xFB, 0x03, 0xFF, 0x80,
    0x0B, 0x02, 0x00, 0x80, 0xD0, 0x03, 0xFF, 0x80, 0xDF, 0x03, 0x00, 0x80, 0xFD, 0x03, 0xFF, 0x80,
    0x0D, 0x02, 0x00, 0x81, 0x30, 0x98, 0x02, 0x99, 0x80, 0x28, 0x03, 0x00, 0x80, 0x83, 0x02, 0x99,
    0x81, 0x89, 0x02, 0x02, 0x00, 0x81, 0x10, 0x54, 0x02, 0x55, 0x80, 0x14, 0x0A, 0x00, 0x80, 0xB0,
    0x03, 0xFF, 0x80, 0xBF, 0x0A, 0x00, 0x80, 0xD0, 0x03, 0xFF, 0x80, 0xDF, 0x0A, 0x00, 0x81, 0x30,
    0x98, 0x02, 0x99, 0x80, 0x28, 0x0A, 0x00, 0x81, 0x10, 0x54, 0x02, 0x55, 0x80, 0x14, 0x0A, 0x00,
    0x80, 0xB0, 0x03, 0xFF, 0x80, 0xBF, 0x0A, 0x00, 0x80, 0xD0, 0x03, 0xFF, 0x80, 0xDF, 0x0A, 0x00,
    0x81, 0x30, 0xED, 0x02, 0xEE, 0x80, 0x3D, 0x0A, 0x00, 0x80, 0xB0, 0x03, 0xFF, 0x80, 0xBF, 0x0A,
    0x00, 0x80, 0xD0, 0x03, 0xFF, 0x80, 0xDF, 0x0A, 0x00, 0x81, 0x30, 0x98, 0x02, 0x99, 0x80, 0x28,
    0x0A, 0x00, 0x81, 0x10, 0x54, 0x02, 0x55, 0x80, 0x14, 0x03, 0x00, 0x80, 0x41, 0x02, 0x55, 0x81,
    0x45, 0x01, 0x02, 0x00, 0x80, 0xB0, 0x03, 0xFF, 0x80, 0xBF, 0x03, 0x00, 0x80, 0xFB, 0x03, 0xFF,
    0x80, 0x0B, 0x02, 0x00, 0x80, 0xD0, 0x03, 0xFF, 0x80, 0xDF, 0x03, 0x00, 0x80, 0xFD, 0x03, 0xFF,
    0x80, 0x0D, 0x02, 0x00, 0x81, 0x30, 0x98, 0x02, 0x99, 0x80, 0x28, 0x03, 0x00, 0x80, 0x83, 0x02,
    0x99, 0x81, 0x89, 0x02, 0x04, 0x00, 0x80, 0x10, 0x07, 0x55, 0x80, 0x01, 0x06, 0x00, 0x80, 0xE1,
    0x07, 0xFF, 0x80, 0x1E, 0x06, 0x00, 0x80, 0xF2, 0x07, 0xFF, 0x80, 0x2F, 0x06, 0x00, 0x80, 0x40,
    0x07, 0x99, 0x80, 0x04, 0x3F, 0x00, 0x82, 0x00, 0x10, 0x54, 0x06, 0x55, 0x80, 0x03, 0x06, 0x00,
    0x80, 0xB0, 0x07, 0xFF, 0x80, 0x4F, 0x06, 0x00, 0x80, 0xD0, 0x07, 0xFF, 0x80, 0x6F, 0x06, 0x00,
    0x81, 0x30, 0x98, 0x06, 0x99, 0x80, 0x06, 0x06, 0x00, 0x81, 0x10, 0x54, 0x02, 0x55, 0x82, 0x14,
    0x00, 0x40, 0x03, 0x55, 0x80, 0x01, 0x04, 0x00, 0x80, 0xB0, 0x03, 0xFF, 0x82, 0xBF, 0x00, 0xF8,
    0x03, 0xFF, 0x80, 0x1E, 0x04, 0x00, 0x80, 0xD0, 0x03, 0xFF, 0x82, 0xDF, 0x00, 0xF9, 0x03, 0xFF,
    0x80, 0x2F, 0x04, 0x00, 0x81, 0x30, 0x98, 0x02, 0x99, 0x82, 0x28, 0x00, 0x71, 0x03, 0x99, 0x80,
    0x04, 0x04, 0x00, 0x81, 0x10, 0x54, 0x02, 0x55, 0x80, 0x14, 0x03, 0x00, 0x80, 0x41, 0x02, 0x55,
    0x81, 0x45, 0x01, 0x02, 0x00, 0x80, 0xB0, 0x03, 0xFF, 0x80, 0xBF, 0x03, 0x00, 0x80, 0xFB, 0x03,
    0xFF, 0x80, 0x0B, 0x02, 0x00, 0x80, 0xD0, 0x03, 0xFF, 0x80, 0xDF, 0x03, 0x00, 0x80, 0xFD, 0x03,
    0xFF, 0x80, 0x0D, 0x02, 0x00, 0x81, 0x30, 0x98, 0x02, 0x99, 0x80, 0x28, 0x03, 0x00, 0x80, 0x83,
    0x02, 0x99, 0x81, 0x89, 0x02, 0x02, 0x00, 0x81, 0x10, 0x54, 0x02, 0x55, 0x80, 0x14, 0x03, 0x00,
    0x80, 0x41, 0x02, 0x55, 0x81, 0x45, 0x01, 0x02, 0x00, 0x80, 0xB0, 0x03, 0xFF, 0x80, 0xBF, 0x03,
    0x00, 0x80, 0xFB, 0x03, 0xFF, 0x80, 0x0B, 0x02, 0x00, 0x80, 0xD0, 0x03, 0xFF, 0x80, 0xDF, 0x03,
    0x00, 0x80, 0xFD, 0x03, 0xFF, 0x80, 0x0D, 0x02, 0x00, 0x81, 0x30, 0xED, 0x02, 0xEE, 0x80, 0x3D,
    0x03, 0x00, 0x80, 0xD3, 0x02, 0xEE, 0x81, 0xDE, 0x03, 0x02, 0x00, 0x80, 0xB0, 0x03, 0xFF, 0x80,
    0xBF, 0x03, 0x00, 0x80, 0xFB, 0x03, 0xFF, 0x80, 0x0B, 0x02, 0x00, 0x80, 0xD0, 0x03, 0xFF, 0x80,
    0xDF, 0x03, 0x00, 0x80, 0xFD, 0x03, 0xFF, 0x80, 0x0D, 0x02, 0x00, 0x81, 0x30, 0x98, 0x02, 0x99,
    0x80, 0x28, 0x03, 0x00, 0x80, 0x83, 0x02, 0x99, 0x81, 0x89, 0x02, 0x02, 0x00, 0x81, 0x10, 0x54,
    0x02, 0x55, 0x82, 0x14, 0x00, 0x40, 0x03, 0x55, 0x80, 0x01, 0x04, 0x00, 0x80, 0xB0, 0x03, 0xFF,
    0x82, 0xBF, 0x00, 0xF8, 0x03, 0xFF, 0x80, 0x1E, 0x04, 0x00, 0x80, 0xD0, 0x03, 0xFF, 0x82, 0xDF,
    0x00, 0xF9, 0x03, 0xFF, 0x80, 0x2F, 0x04, 0x00, 0x81, 0x30, 0x98, 0x02, 0x99, 0x82, 0x28, 0x00,
    0x71, 0x03, 0x99, 0x80, 0x04, 0x04, 0x00, 0x81, 0x10, 0x54, 0x06, 0x55, 0x80, 0x03, 0x06, 0x00,
    0x80, 0xB0, 0x07, 0xFF, 0x80, 0x4F, 0x06, 0x00, 0x80, 0xD0, 0x07, 0xFF, 0x80, 0x6F, 0x06, 0x00,
    0x81, 0x30, 0x98, 0x06, 0x99, 0x80, 0x06, 0x41, 0x00, 0x82, 0x00, 0x10, 0x54, 0x09, 0x55, 0x81,
    0x45, 0x01, 0x02, 0x00, 0x80, 0xB0, 0x0B, 0xFF, 0x80, 0x0B, 0x02, 0x00, 0x80, 0xD0, 0x0B, 0xFF,
    0x80, 0x0D, 0x02, 0x00, 0x81, 0x30, 0x98, 0x09, 0x99, 0x81, 0x89, 0x02, 0x02, 0x00, 0x81, 0x10,
    0x54, 0x02, 0x55, 0x80, 0x14, 0x0A, 0x00, 0x80, 0xB0, 0x03, 0xFF, 0x80, 0xBF, 0x0A, 0x00, 0x80,
    0xD0, 0x03, 0xFF, 0x80, 0xDF, 0x0A, 0x00, 0x81, 0x30, 0x98, 0x02, 0x99, 0x80, 0x28, 0x0A, 0x00,
    0x81, 0x10, 0x54, 0x02, 0x55, 0x80, 0x14, 0x0A, 0x00, 0x80, 0xB0, 0x03, 0xFF, 0x80, 0xBF, 0x0A,
    0x00, 0x80, 0xD0, 0x03, 0xFF, 0x80, 0xDF, 0x0A, 0x00, 0x81, 0x30, 0x98, 0x02, 0x99, 0x80, 0x28,
    0x0A, 0x00, 0x81, 0x10, 0x54, 0x06, 0x55, 0x80, 0x03, 0x06, 0x00, 0x80, 0xB0, 0x07, 0xFF, 0x80,
    0x4F, 0x06, 0x00, 0x80, 0xD0, 0x07, 0xFF, 0x80, 0x6F, 0x06, 0x00, 0x81, 0x30, 0xED, 0x02, 0xEE,
    0x80, 0x9D, 0x03, 0x99, 0x80, 0x06, 0x06, 0x00, 0x80, 0xB0, 0x03, 0xFF, 0x80, 0xBF, 0x0A, 0x00,
    0x80, 0xD0, 0x03, 0xFF, 0x80, 0xDF, 0x0A, 0x00, 0x81, 0x30, 0x98, 0x02, 0x99, 0x80, 0x28, 0x0A,
    0x00, 0x81, 0x10, 0x54, 0x02, 0x55, 0x80, 0x14, 0x0A, 0x00, 0x80, 0xB0, 0x03, 0xFF, 0x80, 0xBF,
    0x0A, 0x00, 0x80, 0xD0, 0x03, 0xFF, 0x80, 0xDF, 0x0A, 0x00, 0x81, 0x30, 0x98, 0x02, 0x99, 0x80,
    0x28, 0x0A, 0x00, 0x81, 0x10, 0x54, 0x09, 0x55, 0x81, 0x45, 0x01, 0x02, 0x00, 0x80, 0xB0, 0x0B,
    0xFF, 0x80, 0x0B, 0x02, 0x00, 0x80, 0xD0, 0x0B, 0xFF, 0x80, 0x0D, 0x02, 0x00, 0x81, 0x30, 0x98,
    0x09, 0x99, 0x81, 0x89, 0x02, 0x3D, 0x00, 0x82, 0x00, 0x10, 0x54, 0x09, 0x55, 0x81, 0x45, 0x01,
    0x02, 0x00, 0x80, 0xB0, 0x0B, 0xFF, 0x80, 0x0B, 0x02, 0x00, 0x80, 0xD0, 0x0B, 0xFF, 0x80, 0x0D,
    0x02, 0x00, 0x81, 0x30, 0x98, 0x09, 0x99, 0x81, 0x89, 0x02, 0x02, 0x00, 0x81, 0x10, 0x54, 0x02,
    0x55, 0x80, 0x14, 0x0A, 0x00, 0x80, 0xB0, 0x03, 0xFF, 0x80, 0xBF, 0x0A, 0x00, 0x80, 0xD0, 0x03,
    0xFF, 0x80, 0xDF, 0x0A, 0x00, 0x81, 0x30, 0x98, 0x02, 0x99, 0x80, 0x28, 0x0A, 0x00, 0x81, 0x10,
    0x54, 0x02, 0x55, 0x80, 0x14, 0x0A, 0x00, 0x80, 0xB0, 0x03, 0xFF, 0x80, 0xBF, 0x0A, 0x00, 0x80,
    0xD0, 0x03, 0xFF, 0x80, 0xDF, 0x0A, 0x00, 0x81, 0x30, 0x98, 0x02, 0x99, 0x80, 0x28, 0x0A, 0x00,
    0x81, 0x10, 0x54, 0x06, 0x55, 0x80, 0x03, 0x06, 0x00, 0x80, 0xB0, 0x07, 0xFF, 0x80, 0x4F, 0x06,
    0x00, 0x80, 0xD0, 0x07, 0xFF, 0x80, 0x6F, 0x06, 0x00, 0x81, 0x30, 0xED, 0x02, 0xEE, 0x80, 0x9D,
    0x03, 0x99, 0x80, 0x06, 0x06, 0x00, 0x80, 0xB0, 0x03, 0xFF, 0x80, 0xBF, 0x0A, 0x00, 0x80, 0xD0,
    0x03, 0xFF, 0x80, 0xDF, 0x0A, 0x00, 0x81, 0x30, 0x98, 0x02, 0x99, 0x80, 0x28, 0x0A, 0x00, 0x81,
    0x10, 0x54, 0x02, 0x55, 0x80, 0x14, 0x0A, 0x00, 0x80, 0xB0, 0x03, 0xFF, 0x80, 0xBF, 0x0A, 0x00,
    0x80, 0xD0, 0x03, 0xFF, 0x80, 0xDF, 0x0A, 0x00, 0x81, 0x30, 0x98, 0x02, 0x99, 0x80, 0x28, 0x0A,
    0x00, 0x81, 0x10, 0x54, 0x02, 0x55, 0x80, 0x14, 0x0A, 0x00, 0x80, 0xB0, 0x03, 0xFF, 0x80, 0xBF,
    0x0A, 0x00, 0x80, 0xD0, 0x03, 0xFF, 0x80, 0xDF, 0x0A, 0x00, 0x81, 0x30, 0x98, 0x02, 0x99, 0x80,
    0x28, 0x45, 0x00, 0x03, 0x00, 0x80, 0x10, 0x07, 0x55, 0x80, 0x01, 0x06, 0x00, 0x80, 0xE1, 0x07,
    0xFF, 0x80, 0x1E, 0x06, 0x00, 0x80, 0xF2, 0x07, 0xFF, 0x80, 0x2F, 0x06, 0x00, 0x80, 0x40, 0x07,
    0x99, 0x80, 0x04, 0x04, 0x00, 0x81, 0x10, 0x54, 0x02, 0x55, 0x80, 0x14, 0x03, 0x00, 0x80, 0x41,
    0x02, 0x55, 0x81, 0x45, 0x01, 0x02, 0x00, 0x80, 0xB0, 0x03, 0xFF, 0x80, 0xBF, 0x03, 0x00, 0x80,
    0xFB, 0x03, 0xFF, 0x80, 0x0B, 0x02, 0x00, 0x80, 0xD0, 0x03, 0xFF, 0x80, 0xDF, 0x03, 0x00, 0x80,
    0xFD, 0x03, 0xFF, 0x80, 0x0D, 0x02, 0x00, 0x81, 0x30, 0x98, 0x02, 0x99, 0x80, 0x28, 0x03, 0x00,
    0x80, 0x83, 0x02, 0x99, 0x81, 0x89, 0x02, 0x02, 0x00, 0x81, 0x10, 0x54, 0x02, 0x55, 0x80, 0x14,
    0x0A, 0x00, 0x80, 0xB0, 0x03, 0xFF, 0x80, 0xBF, 0x0A, 0x00, 0x80, 0xD0, 0x03, 0xFF, 0x80, 0xDF,
    0x0A, 0x00, 0x81, 0x30, 0x98, 0x02, 0x99, 0x80, 0x28, 0x0A, 0x00, 0x81, 0x10, 0x54, 0x02, 0x55,
    0x82, 0x14, 0x00, 0x40, 0x04, 0x55, 0x81, 0x45, 0x01, 0x02, 0x00, 0x80, 0xB0, 0x03, 0xFF, 0x82,
    0xBF, 0x00, 0xF8, 0x05, 0xFF, 0x80, 0x0B, 0x02, 0x00, 0x80, 0xD0, 0x03, 0xFF, 0x82, 0xDF, 0x00,
    0xF9, 0x05, 0xFF, 0x80, 0x0D, 0x02, 0x00, 0x81, 0x30, 0xED, 0x02, 0xEE, 0x84, 0x3D, 0x00, 0x71,
    0x99, 0xD9, 0x02, 0xEE, 0x81, 0xDE, 0x03, 0x02, 0x00, 0x80, 0xB0, 0x03, 0xFF, 0x80, 0xBF, 0x03,
    0x00, 0x80, 0xFB, 0x03, 0xFF, 0x80, 0x0B, 0x02, 0x00, 0x80, 0xD0, 0x03, 0xFF, 0x80, 0xDF, 0x03,
    0x00, 0x80, 0xFD, 0x03, 0xFF, 0x80, 0x0D, 0x02, 0x00, 0x81, 0x30, 0x98, 0x02, 0x99, 0x80, 0x28,
    0x03, 0x00, 0x80, 0x83, 0x02, 0x99, 0x81, 0x89, 0x02, 0x02, 0x00, 0x81, 0x10, 0x54, 0x02, 0x55,
    0x80, 0x14, 0x03, 0x00, 0x80, 0x41, 0x02, 0x55, 0x81, 0x45, 0x01, 0x02, 0x00, 0x80, 0xB0, 0x03,
    0xFF, 0x80, 0xBF, 0x03, 0x00, 0x80, 0xFB, 0x03, 0xFF, 0x80, 0x0B, 0x02, 0x00, 0x80, 0xD0, 0x03,
    0xFF, 0x80, 0xDF, 0x03, 0x00, 0x80, 0xFD, 0x03, 0xFF, 0x80, 0x0D, 0x02, 0x00, 0x81, 0x30, 0x98,
    0x02, 0x99, 0x80, 0x28, 0x03, 0x00, 0x80, 0x83, 0x02, 0x99, 0x81, 0x89, 0x02, 0x04, 0x00, 0x80,
    0x10, 0x07, 0x55, 0x80, 0x01, 0x06, 0x00, 0x80, 0xE1, 0x07, 0xFF, 0x80, 0x1E, 0x06, 0x00, 0x80,
    0xF2, 0x07, 0xFF, 0x80, 0x2F, 0x06, 0x00, 0x80, 0x40, 0x07, 0x99, 0x80, 0x04, 0x3F, 0x00, 0x82,
    0x00, 0x10, 0x54, 0x02, 0x55, 0x80, 0x14, 0x03, 0x00, 0x80, 0x41, 0x02, 0x55, 0x81, 0x45, 0x01,
    0x02, 0x00, 0x80, 0xB0, 0x03, 0xFF, 0x80, 0xBF, 0x03, 0x00, 0x80, 0xFB, 0x03, 0xFF, 0x80, 0x0B,
    0x02, 0x00, 0x80, 0xD0, 0x03, 0xFF, 0x80, 0xDF, 0x03, 0x00, 0x80, 0xFD, 0x03, 0xFF, 0x80, 0x0D,
    0x02, 0x00, 0x81, 0x30, 0x98, 0x02, 0x99, 0x80, 0x28, 0x03, 0x00, 0x80, 0x83, 0x02, 0x99, 0x81,
    0x89, 0x02, 0x02, 0x00, 0x81, 0x10, 0x54, 0x02, 0x55, 0x80, 0x14, 0x03, 0x00, 0x80, 0x41, 0x02,
    0x55, 0x81, 0x45, 0x01, 0x02, 0x00, 0x80, 0xB0, 0x03, 0xFF, 0x80, 0xBF, 0x03, 0x00, 0x80, 0xFB,
    0x03, 0xFF, 0x80, 0x0B, 0x02, 0x00, 0x80, 0xD0, 0x03, 0xFF, 0x80, 0xDF, 0x03, 0x00, 0x80, 0xFD,
    0x03, 0xFF, 0x80, 0x0D, 0x02, 0x00, 0x81, 0x30, 0x98, 0x02, 0x99, 0x80, 0x28, 0x03, 0x00, 0x80,
    0x83, 0x02, 0x99, 0x81, 0x89, 0x02, 0x02, 0x00, 0x81, 0x10, 0x54, 0x02, 0x55, 0x80, 0x14, 0x03,
    0x00, 0x80, 0x41, 0x02, 0x55, 0x81, 0x45, 0x01, 0x02, 0x00, 0x80, 0xB0, 0x03, 0xFF, 0x80, 0xBF,
    0x03, 0x00, 0x80, 0xFB, 0x03, 0xFF, 0x80, 0x0B, 0x02, 0x00, 0x80, 0xD0, 0x03, 0xFF, 0x80, 0xDF,
    0x03, 0x00, 0x80, 0xFD, 0x03, 0xFF, 0x80, 0x0D, 0x02, 0x00, 0x81, 0x30, 0x98, 0x02, 0x99, 0x80,
    0x28, 0x03, 0x00, 0x80, 0x83, 0x02, 0x99, 0x81, 0x89, 0x02, 0x02, 0x00, 0x81, 0x10, 0x54, 0x09,
    0x55, 0x81, 0x45, 0x01, 0x02, 0x00, 0x80, 0xB0, 0x0B, 0xFF, 0x80, 0x0B, 0x02, 0x00, 0x80, 0xD0,
    0x0B, 0xFF, 0x80, 0x0D, 0x02, 0x00, 0x81, 0x30, 0xED, 0x02, 0xEE, 0x80, 0x9D, 0x03, 0x99, 0x80,
    0xD9, 0x02, 0xEE, 0x81, 0xDE, 0x03, 0x02, 0x00, 0x80, 0xB0, 0x03, 0xFF, 0x80, 0xBF, 0x03, 0x00,
    0x80, 0xFB, 0x03, 0xFF, 0x80, 0x0B, 0x02, 0x00, 0x80, 0xD0, 0x03, 0xFF, 0x80, 0xDF, 0x03, 0x00,
    0x80, 0xFD, 0x03, 0xFF, 0x80, 0x0D, 0x02, 0x00, 0x81, 0x30, 0x98, 0x02, 0x99, 0x80, 0x28, 0x03,
    0x00, 0x80, 0x83, 0x02, 0x99, 0x81, 0x89, 0x02, 0x02, 0x00, 0x81, 0x10, 0x54, 0x02, 0x55, 0x80,
    0x14, 0x03, 0x00, 0x80, 0x41, 0x02, 0x55, 0x81, 0x45, 0x01, 0x02, 0x00, 0x80, 0xB0, 0x03, 0xFF,
    0x80, 0xBF, 0x03, 0x00, 0x80, 0xFB, 0x03, 0xFF, 0x80, 0x0B, 0x02, 0x00, 0x80, 0xD0, 0x03, 0xFF,
    0x80, 0xDF, 0x03, 0x00, 0x80, 0xFD, 0x03, 0xFF, 0x80, 0x0D, 0x02, 0x00, 0x81, 0x30, 0x98, 0x02,
    0x99, 0x80, 0x28, 0x03, 0x00, 0x80, 0x83, 0x02, 0x99, 0x81, 0x89, 0x02, 0x02, 0x00, 0x81, 0x10,
    0x54, 0x02, 0x55, 0x80, 0x14, 0x03, 0x00, 0x80, 0x41, 0x02, 0x55, 0x81, 0x45, 0x01, 0x02, 0x00,
    0x80, 0xB0, 0x03, 0xFF, 0x80, 0xBF, 0x03, 0x00, 0x80, 0xFB, 0x03, 0xFF, 0x80, 0x0B, 0x02, 0x00,
    0x80, 0xD0, 0x03, 0xFF, 0x80, 0xDF, 0x03, 0x00, 0x80, 0xFD, 0x03, 0xFF, 0x80, 0x0D, 0x02, 0x00,
    0x81, 0x30, 0x98, 0x02, 0x99, 0x80, 0x28, 0x03, 0x00, 0x80, 0x83, 0x02, 0x99, 0x81, 0x89, 0x02,
    0x3D, 0x00, 0x03, 0x00, 0x80, 0x10, 0x07, 0x55, 0x80, 0x01, 0x06, 0x00, 0x80, 0xE1, 0x07, 0xFF,
    0x80, 0x1E, 0x06, 0x00, 0x80, 0xF2, 0x07, 0xFF, 0x80, 0x2F, 0x06, 0x00, 0x80, 0x40, 0x07, 0x99,
    0x80, 0x04, 0x08, 0x00, 0x80, 0x30, 0x03, 0x55, 0x80, 0x03, 0x0A, 0x00, 0x80, 0xF4, 0x03, 0xFF,
    0x80, 0x4F, 0x0A, 0x00, 0x80, 0xF6, 0x03, 0xFF, 0x80, 0x6F, 0x0A, 0x00, 0x80, 0x60, 0x03, 0x99,
    0x80, 0x06, 0x0A, 0x00, 0x80, 0x30, 0x03, 0x55, 0x80, 0x03, 0x0A, 0x00, 0x80, 0xF4, 0x03, 0xFF,
    0x80, 0x4F, 0x0A, 0x00, 0x80, 0xF6, 0x03, 0xFF, 0x80, 0x6F, 0x0A, 0x00, 0x80, 0x60, 0x03, 0x99,
    0x80, 0x06, 0x0A, 0x00, 0x80, 0x30, 0x03, 0x55, 0x80, 0x03, 0x0A, 0x00, 0x80, 0xF4, 0x03, 0xFF,
    0x80, 0x4F, 0x0A, 0x00, 0x80, 0xF6, 0x03, 0xFF, 0x80, 0x6F, 0x0A, 0x00, 0x80, 0x90, 0x03, 0xEE,
    0x80, 0x09, 0x0A, 0x00, 0x80, 0xF4, 0x03, 0xFF, 0x80, 0x4F, 0x0A, 0x00, 0x80, 0xF6, 0x03, 0xFF,
    0x80, 0x6F, 0x0A, 0x00, 0x80, 0x60, 0x03, 0x99, 0x80, 0x06, 0x0A, 0x00, 0x80, 0x30, 0x03, 0x55,
    0x80, 0x03, 0x0A, 0x00, 0x80, 0xF4, 0x03, 0xFF, 0x80, 0x4F, 0x0A, 0x00, 0x80, 0xF6, 0x03, 0xFF,
    0x80, 0x6F, 0x0A, 0x00, 0x80, 0x60, 0x03, 0x99, 0x80, 0x06, 0x08, 0x00, 0x80, 0x10, 0x07, 0x55,
    0x80, 0x01, 0x06, 0x00, 0x80, 0xE1, 0x07, 0xFF, 0x80, 0x1E, 0x06, 0x00, 0x80, 0xF2, 0x07, 0xFF,
    0x80, 0x2F, 0x06, 0x00, 0x80, 0x40, 0x07, 0x99, 0x80, 0x04, 0x3F, 0x00, 0x05, 0x00, 0x80, 0x30,
    0x06, 0x55, 0x81, 0x45, 0x01, 0x06, 0x00, 0x80, 0xF4, 0x07, 0xFF, 0x80, 0x0B, 0x06, 0x00, 0x80,
    0xF6, 0x07, 0xFF, 0x80, 0x0D, 0x06, 0x00, 0x80, 0x60, 0x06, 0x99, 0x81, 0x89, 0x02, 0x08, 0x00,
    0x80, 0x40, 0x03, 0x55, 0x80, 0x01, 0x0A, 0x00, 0x80, 0xF8, 0x03, 0xFF, 0x80, 0x1E, 0x0A, 0x00,
    0x80, 0xF9, 0x03, 0xFF, 0x80, 0x2F, 0x0A, 0x00, 0x80, 0x71, 0x03, 0x99, 0x80, 0x04, 0x0A, 0x00,
    0x80, 0x40, 0x03, 0x55, 0x80, 0x01, 0x0A, 0x00, 0x80, 0xF8, 0x03, 0xFF, 0x80, 0x1E, 0x0A, 0x00,
    0x80, 0xF9, 0x03, 0xFF, 0x80, 0x2F, 0x0A, 0x00, 0x80, 0x71, 0x03, 0x99, 0x80, 0x04, 0x0A, 0x00,
    0x80, 0x40, 0x03, 0x55, 0x80, 0x01, 0x0A, 0x00, 0x80, 0xF8, 0x03, 0xFF, 0x80, 0x1E, 0x0A, 0x00,
    0x80, 0xF9, 0x03, 0xFF, 0x80, 0x2F, 0x0A, 0x00, 0x80, 0xB1, 0x02, 0xEE, 0x81, 0xDE, 0x06, 0x0A,
    0x00, 0x80, 0xF8, 0x03, 0xFF, 0x80, 0x1E, 0x0A, 0x00, 0x80, 0xF9, 0x03, 0xFF, 0x80, 0x2F, 0x0A,
    0x00, 0x80, 0x71, 0x03, 0x99, 0x80, 0x04, 0x04, 0x00, 0x81, 0x10, 0x54, 0x02, 0x55, 0x82, 0x14,
    0x00, 0x40, 0x03, 0x55, 0x80, 0x01, 0x04, 0x00, 0x80, 0xB0, 0x03, 0xFF, 0x82, 0xBF, 0x00, 0xF8,
    0x03, 0xFF, 0x80, 0x1E, 0x04, 0x00, 0x80, 0xD0, 0x03, 0xFF, 0x82, 0xDF, 0x00, 0xF9, 0x03, 0xFF,
    0x80, 0x2F, 0x04, 0x00, 0x81, 0x30, 0x98, 0x02, 0x99, 0x82, 0x28, 0x00, 0x71, 0x03, 0x99, 0x80,
    0x04, 0x06, 0x00, 0x80, 0x10, 0x05, 0x55, 0x80, 0x03, 0x08, 0x00, 0x80, 0xE1, 0x05, 0xFF, 0x80,
    0x4F, 0x08, 0x00, 0x80, 0xF2, 0x05, 0xFF, 0x80, 0x6F, 0x08, 0x00, 0x80, 0x40, 0x05, 0x99, 0x80,
    0x06, 0x41, 0x00, 0x82, 0x00, 0x10, 0x54, 0x02, 0x55, 0x80, 0x14, 0x03, 0x00, 0x80, 0x41, 0x02,
    0x55, 0x81, 0x45, 0x01, 0x02, 0x00, 0x80, 0xB0, 0x03, 0xFF, 0x80, 0xBF, 0x03, 0x00, 0x80, 0xFB,
    0x03, 0xFF, 0x80, 0x0B, 0x02, 0x00, 0x80, 0xD0, 0x03, 0xFF, 0x80, 0xDF, 0x03, 0x00, 0x80, 0xFD,
    0x03, 0xFF, 0x80, 0x0D, 0x02, 0x00, 0x81, 0x30, 0x98, 0x02, 0x99, 0x80, 0x28, 0x03, 0x00, 0x80,
    0x83, 0x02, 0x99, 0x81, 0x89, 0x02, 0x02, 0x00, 0x81, 0x10, 0x54, 0x02, 0x55, 0x82, 0x14, 0x00,
    0x40, 0x03, 0x55, 0x80, 0x01, 0x04, 0x00, 0x80, 0xB0, 0x03, 0xFF, 0x82, 0xBF, 0x00, 0xF8, 0x03,
    0xFF, 0x80, 0x1E, 0x04, 0x00, 0x80, 0xD0, 0x03, 0xFF, 0x82, 0xDF, 0x00, 0xF9, 0x03, 0xFF, 0x80,
    0x2F, 0x04, 0x00, 0x81, 0x30, 0x98, 0x02, 0x99, 0x82, 0x28, 0x00, 0x71, 0x03, 0x99, 0x80, 0x04,
    0x04, 0x00, 0x81, 0x10, 0x54, 0x06, 0x55, 0x80, 0x03, 0x06, 0x00, 0x80, 0xB0, 0x07, 0xFF, 0x80,
    0x4F, 0x06, 0x00, 0x80, 0xD0, 0x07, 0xFF, 0x80, 0x6F, 0x06, 0x00, 0x81, 0x30, 0x98, 0x06, 0x99,
    0x80, 0x06, 0x06, 0x00, 0x81, 0x10, 0x54, 0x04, 0x55, 0x80, 0x04, 0x08, 0x00, 0x80, 0xB0, 0x05,
    0xFF, 0x80, 0x8F, 0x08, 0x00, 0x80, 0xD0, 0x05, 0xFF, 0x80, 0x9F, 0x08, 0x00, 0x81, 0x30, 0xED,
    0x04, 0xEE, 0x82, 0x6D, 0x55, 0x03, 0x06, 0x00, 0x80, 0xB0, 0x07, 0xFF, 0x80, 0x4F, 0x06, 0x00,
    0x80, 0xD0, 0x07, 0xFF, 0x80, 0x6F, 0x06, 0x00, 0x81, 0x30, 0x98, 0x06, 0x99, 0x80, 0x06, 0x06,
    0x00, 0x81, 0x10, 0x54, 0x02, 0x55, 0x82, 0x14, 0x00, 0x40, 0x03, 0x55, 0x80, 0x01, 0x04, 0x00,
    0x80, 0xB0, 0x03, 0xFF, 0x82, 0xBF, 0x00, 0xF8, 0x03, 0xFF, 0x80, 0x1E, 0x04, 0x00, 0x80, 0xD0,
    0x03, 0xFF, 0x82, 0xDF, 0x00, 0xF9, 0x03, 0xFF, 0x80, 0x2F, 0x04, 0x00, 0x81, 0x30, 0x98, 0x02,
    0x99, 0x82, 0x28, 0x00, 0x71, 0x03, 0x99, 0x80, 0x04, 0x04, 0x00, 0x81, 0x10, 0x54, 0x02, 0x55,
    0x80, 0x14, 0x03, 0x00, 0x80, 0x41, 0x02, 0x55, 0x81, 0x45, 0x01, 0x02, 0x00, 0x80, 0xB0, 0x03,
    0xFF, 0x80, 0xBF, 0x03, 0x00, 0x80, 0xFB, 0x03, 0xFF, 0x80, 0x0B, 0x02, 0x00, 0x80, 0xD0, 0x03,
    0xFF, 0x80, 0xDF, 0x03, 0x00, 0x80, 0xFD, 0x03, 0xFF, 0x80, 0x0D, 0x02, 0x00, 0x81, 0x30, 0x98,
    0x02, 0x99, 0x80, 0x28, 0x03, 0x00, 0x80, 0x83, 0x02, 0x99, 0x81, 0x89, 0x02, 0x3D, 0x00, 0x82,
    0x00, 0x10, 0x54, 0x02, 0x55, 0x80, 0x14, 0x0A, 0x00, 0x80, 0xB0, 0x03, 0xFF, 0x80, 0xBF, 0x0A,
    0x00, 0x80, 0xD0, 0x03, 0xFF, 0x80, 0xDF, 0x0A, 0x00, 0x81, 0x30, 0x98, 0x02, 0x99, 0x80, 0x28,
    0x0A, 0x00, 0x81, 0x10, 0x54, 0x02, 0x55, 0x80, 0x14, 0x0A, 0x00, 0x80, 0xB0, 0x03, 0xFF, 0x80,
    0xBF, 0x0A, 0x00, 0x80, 0xD0, 0x03, 0xFF, 0x80, 0xDF, 0x0A, 0x00, 0x81, 0x30, 0x98, 0x02, 0x99,
    0x80, 0x28, 0x0A, 0x00, 0x81, 0x10, 0x54, 0x02, 0x55, 0x80, 0x14, 0x0A, 0x00, 0x80, 0xB0, 0x03,
    0xFF, 0x80, 0xBF, 0x0A, 0x00, 0x80, 0xD0, 0x03, 0xFF, 0x80, 0xDF, 0x0A, 0x00, 0x81, 0x30, 0x98,
    0x02, 0x99, 0x80, 0x28, 0x0A, 0x00, 0x81, 0x10, 0x54, 0x02, 0x55, 0x80, 0x14, 0x0A, 0x00, 0x80,
    0xB0, 0x03, 0xFF, 0x80, 0xBF, 0x0A, 0x00, 0x80, 0xD0, 0x03, 0xFF, 0x80, 0xDF, 0x0A, 0x00, 0x81,
    0x30, 0xED, 0x02, 0xEE, 0x80, 0x3D, 0x0A, 0x00, 0x80, 0xB0, 0x03, 0xFF, 0x80, 0xBF, 0x0A, 0x00,
    0x80, 0xD0, 0x03, 0xFF, 0x80, 0xDF, 0x0A, 0x00, 0x81, 0x30, 0x98, 0x02, 0x99, 0x80, 0x28, 0x0A,
    0x00, 0x81, 0x10, 0x54, 0x02, 0x55, 0x80, 0x14, 0x0A, 0x00, 0x80, 0xB0, 0x03, 0xFF, 0x80, 0xBF,
    0x0A, 0x00, 0x80, 0xD0, 0x03, 0xFF, 0x80, 0xDF, 0x0A, 0x00, 0x81, 0x30, 0x98, 0x02, 0x99, 0x80,
    0x28, 0x0A, 0x00, 0x81, 0x10, 0x54, 0x09, 0x55, 0x81, 0x45, 0x01, 0x02, 0x00, 0x80, 0xB0, 0x0B,
    0xFF, 0x80, 0x0B, 0x02, 0x00, 0x80, 0xD0, 0x0B, 0xFF, 0x80, 0x0D, 0x02, 0x00, 0x81, 0x30, 0x98,
    0x09, 0x99, 0x81, 0x89, 0x02, 0x3D, 0x00, 0x82, 0x00, 0x10, 0x54, 0x02, 0x55, 0x80, 0x14, 0x05,
    0x00, 0x80, 0x51, 0x02, 0x55, 0x80, 0x45, 0x02, 0x00, 0x80, 0xFB, 0x03, 0xFF, 0x80, 0x0B, 0x04,
    0x00, 0x80, 0xE1, 0x03, 0xFF, 0x82, 0x8F, 0x00, 0xD0, 0x03, 0xFF, 0x80, 0xDF, 0x04, 0x00, 0x80,
    0x20, 0x04, 0xFF, 0x82, 0x09, 0x00, 0x83, 0x02, 0x99, 0x81, 0x89, 0x02, 0x04, 0x00, 0x80, 0x40,
    0x03, 0x99, 0x83, 0x17, 0x00, 0x10, 0x54, 0x04, 0x55, 0x82, 0x04, 0x00, 0x41, 0x04, 0x55, 0x80,
    0x45, 0x02, 0x00, 0x80, 0xFB, 0x05, 0xFF, 0x81, 0x08, 0xB0, 0x05, 0xFF, 0x82, 0x8F, 0x00, 0xD0,
    0x05, 0xFF, 0x82, 0x9F, 0x00, 0xFD, 0x05, 0xFF, 0x82, 0x09, 0x00, 0x83, 0x04, 0x99, 0x83, 0x79,
    0x01, 0x30, 0x98, 0x04, 0x99, 0x83, 0x17, 0x00, 0x10, 0x54, 0x0B, 0x55, 0x80, 0x45, 0x02, 0x00,
    0x80, 0xFB, 0x0C, 0xFF, 0x82, 0x8F, 0x00, 0xD0, 0x0D, 0xFF, 0x82, 0x09, 0x00, 0x83, 0x0C, 0x99,
    0x83, 0x17, 0x00, 0x10, 0x54, 0x02, 0x55, 0x86, 0x14, 0x00, 0x40, 0x55, 0x03, 0x00, 0x51, 0x02,
    0x55, 0x80, 0x45, 0x02, 0x00, 0x80, 0xFB, 0x03, 0xFF, 0x81, 0x0B, 0x80, 0x02, 0xFF, 0x81, 0x04,
    0xE1, 0x03, 0xFF, 0x82, 0x8F, 0x00, 0xD0, 0x03, 0xFF, 0x85, 0xDF, 0x00, 0xFA, 0xFF, 0x6F, 0x20,
    0x04, 0xFF, 0x82, 0x09, 0x00, 0xD3, 0x02, 0xEE, 0x87, 0xDE, 0x03, 0x10, 0x98, 0x79, 0x00, 0x60,
    0xED, 0x02, 0xEE, 0x82, 0x1B, 0x00, 0xB0, 0x03, 0xFF, 0x80, 0xBF, 0x04, 0x00, 0x81, 0x10, 0xFE,
    0x03, 0xFF, 0x82, 0x08, 0x00, 0xFD, 0x03, 0xFF, 0x80, 0x0D, 0x04, 0x00, 0x80, 0xF2, 0x03, 0xFF,
    0x83, 0x9F, 0x00, 0x30, 0x98, 0x02, 0x99, 0x80, 0x28, 0x05, 0x00, 0x80, 0x94, 0x02, 0x99, 0x83,
    0x79, 0x01, 0x00, 0x41, 0x02, 0x55, 0x81, 0x45, 0x01, 0x04, 0x00, 0x80, 0x10, 0x03, 0x55, 0x82,
    0x04, 0x00, 0xB0, 0x03, 0xFF, 0x80, 0xBF, 0x04, 0x00, 0x81, 0x10, 0xFE, 0x03, 0xFF, 0x82, 0x08,
    0x00, 0xFD, 0x03, 0xFF, 0x80, 0x0D, 0x04, 0x00, 0x80, 0xF2, 0x03, 0xFF, 0x83, 0x9F, 0x00, 0x30,
    0x98, 0x02, 0x99, 0x80, 0x28, 0x05, 0x00, 0x80, 0x94, 0x02, 0x99, 0x83, 0x79, 0x01, 0x00, 0x41,
    0x02, 0x55, 0x81, 0x45, 0x01, 0x04, 0x00, 0x80, 0x10, 0x03, 0x55, 0x82, 0x04, 0x00, 0xB0, 0x03,
    0xFF, 0x80, 0xBF, 0x04, 0x00, 0x81, 0x10, 0xFE, 0x03, 0xFF, 0x82, 0x08, 0x00, 0xFD, 0x03, 0xFF,
    0x80, 0x0D, 0x04, 0x00, 0x80, 0xF2, 0x03, 0xFF, 0x83, 0x9F, 0x00, 0x30, 0x98, 0x02, 0x99, 0x80,
    0x28, 0x05, 0x00, 0x80, 0x94, 0x02, 0x99, 0x81, 0x79, 0x01, 0x3E, 0x00, 0x82, 0x00, 0x10, 0x54,
    0x02, 0x55, 0x80, 0x14, 0x03, 0x00, 0x80, 0x41, 0x02, 0x55, 0x81, 0x45, 0x01, 0x02, 0x00, 0x80,
    0xB0, 0x03, 0xFF, 0x80, 0xBF, 0x03, 0x00, 0x80, 0xFB, 0x03, 0xFF, 0x80, 0x0B, 0x02, 0x00, 0x80,
    0xD0, 0x03, 0xFF, 0x80, 0xDF, 0x03, 0x00, 0x80, 0xFD, 0x03, 0xFF, 0x80, 0x0D, 0x02, 0x00, 0x81,
    0x30, 0x98, 0x02, 0x99, 0x80, 0x28, 0x03, 0x00, 0x80, 0x83, 0x02, 0x99, 0x81, 0x89, 0x02, 0x02,
    0x00, 0x81, 0x10, 0x54, 0x04, 0x55, 0x82, 0x04, 0x00, 0x41, 0x02, 0x55, 0x81, 0x45, 0x01, 0x02,
    0x00, 0x80, 0xB0, 0x05, 0xFF, 0x82, 0x8F, 0x00, 0xFB, 0x03, 0xFF, 0x80, 0x0B, 0x02, 0x00, 0x80,
    0xD0, 0x05, 0xFF, 0x82, 0x9F, 0x00, 0xFD, 0x03, 0xFF, 0x80, 0x0D, 0x02, 0x00, 0x81, 0x30, 0x98,
    0x04, 0x99, 0x82, 0x17, 0x00, 0x83, 0x02, 0x99, 0x81, 0x89, 0x02, 0x02, 0x00, 0x81, 0x10, 0x54,
    0x09, 0x55, 0x81, 0x45, 0x01, 0x02, 0x00, 0x80, 0xB0, 0x0B, 0xFF, 0x80, 0x0B, 0x02, 0x00, 0x80,
    0xD0, 0x0B, 0xFF, 0x80, 0x0D, 0x02, 0x00, 0x81, 0x30, 0x98, 0x09, 0x99, 0x81, 0x89, 0x02, 0x02,
    0x00, 0x81, 0x10, 0x54, 0x02, 0x55, 0x82, 0x14, 0x00, 0x40, 0x04, 0x55, 0x81, 0x45, 0x01, 0x02,
    0x00, 0x80, 0xB0, 0x03, 0xFF, 0x82, 0xBF, 0x00, 0xF8, 0x05, 0xFF, 0x80, 0x0B, 0x02, 0x00, 0x80,
    0xD0, 0x03, 0xFF, 0x82, 0xDF, 0x00, 0xF9, 0x05, 0xFF, 0x80, 0x0D, 0x02, 0x00, 0x81, 0x30, 0xED,
    0x02, 0xEE, 0x84, 0x3D, 0x00, 0x71, 0x99, 0xD9, 0x02, 0xEE, 0x81, 0xDE, 0x03, 0x02, 0x00, 0x80,
    0xB0, 0x03, 0xFF, 0x80, 0xBF, 0x03, 0x00, 0x80, 0xFB, 0x03, 0xFF, 0x80, 0x0B, 0x02, 0x00, 0x80,
    0xD0, 0x03, 0xFF, 0x80, 0xDF, 0x03, 0x00, 0x80, 0xFD, 0x03, 0xFF, 0x80, 0x0D, 0x02, 0x00, 0x81,
    0x30, 0x98, 0x02, 0x99, 0x80, 0x28, 0x03, 0x00, 0x80, 0x83, 0x02, 0x99, 0x81, 0x89, 0x02, 0x02,
    0x00, 0x81, 0x10, 0x54, 0x02, 0x55, 0x80, 0x14, 0x03, 0x00, 0x80, 0x41, 0x02, 0x55, 0x81, 0x45,
    0x01, 0x02, 0x00, 0x80, 0xB0, 0x03, 0xFF, 0x80, 0xBF, 0x03, 0x00, 0x80, 0xFB, 0x03, 0xFF, 0x80,
    0x0B, 0x02, 0x00, 0x80, 0xD0, 0x03, 0xFF, 0x80, 0xDF, 0x03, 0x00, 0x80, 0xFD, 0x03, 0xFF, 0x80,
    0x0D, 0x02, 0x00, 0x81, 0x30, 0x98, 0x02, 0x99, 0x80, 0x28, 0x03, 0x00, 0x80, 0x83, 0x02, 0x99,
    0x81, 0x89, 0x02, 0x02, 0x00, 0x81, 0x10, 0x54, 0x02, 0x55, 0x80, 0x14, 0x03, 0x00, 0x80, 0x41,
    0x02, 0x55, 0x81, 0x45, 0x01, 0x02, 0x00, 0x80, 0xB0, 0x03, 0xFF, 0x80, 0xBF, 0x03, 0x00, 0x80,
    0xFB, 0x03, 0xFF, 0x80, 0x0B, 0x02, 0x00, 0x80, 0xD0, 0x03, 0xFF, 0x80, 0xDF, 0x03, 0x00, 0x80,
    0xFD, 0x03, 0xFF, 0x80, 0x0D, 0x02, 0x00, 0x81, 0x30, 0x98, 0x02, 0x99, 0x80, 0x28, 0x03, 0x00,
    0x80, 0x83, 0x02, 0x99, 0x81, 0x89, 0x02, 0x3D, 0x00, 0x03, 0x00, 0x80, 0x10, 0x07, 0x55, 0x80,
    0x01, 0x06, 0x00, 0x80, 0xE1, 0x07, 0xFF, 0x80, 0x1E, 0x06, 0x00, 0x80, 0xF2, 0x07, 0xFF, 0x80,
    0x2F, 0x06, 0x00, 0x80, 0x40, 0x07, 0x99, 0x80, 0x04, 0x04, 0x00, 0x81, 0x10, 0x54, 0x02, 0x55,
    0x80, 0x14, 0x03, 0x00, 0x80, 0x41, 0x02, 0x55, 0x81, 0x45, 0x01, 0x02, 0x00, 0x80, 0xB0, 0x03,
    0xFF, 0x80, 0xBF, 0x03, 0x00, 0x80, 0xFB, 0x03, 0xFF, 0x80, 0x0B, 0x02, 0x00, 0x80, 0xD0, 0x03,
    0xFF, 0x80, 0xDF, 0x03, 0x00, 0x80, 0xFD, 0x03, 0xFF, 0x80, 0x0D, 0x02, 0x00, 0x81, 0x30, 0x98,
    0x02, 0x99, 0x80, 0x28, 0x03, 0x00, 0x80, 0x83, 0x02, 0x99, 0x81, 0x89, 0x02, 0x02, 0x00, 0x81,
    0x10, 0x54, 0x02, 0x55, 0x80, 0x14, 0x03, 0x00, 0x80, 0x41, 0x02, 0x55, 0x81, 0x45, 0x01, 0x02,
    0x00, 0x80, 0xB0, 0x03, 0xFF, 0x80, 0xBF, 0x03, 0x00, 0x80, 0xFB, 0x03, 0xFF, 0x80, 0x0B, 0x02,
    0x00, 0x80, 0xD0, 0x03, 0xFF, 0x80, 0xDF, 0x03, 0x00, 0x80, 0xFD, 0x03, 0xFF, 0x80, 0x0D, 0x02,
    0x00, 0x81, 0x30, 0x98, 0x02, 0x99, 0x80, 0x28, 0x03, 0x00, 0x80, 0x83, 0x02, 0x99, 0x81, 0x89,
    0x02, 0x02, 0x00, 0x81, 0x10, 0x54, 0x02, 0x55, 0x80, 0x14, 0x03, 0x00, 0x80, 0x41, 0x02, 0x55,
    0x81, 0x45, 0x01, 0x02, 0x00, 0x80, 0xB0, 0x03, 0xFF, 0x80, 0xBF, 0x03, 0x00, 0x80, 0xFB, 0x03,
    0xFF, 0x80, 0x0B, 0x02, 0x00, 0x80, 0xD0, 0x03, 0xFF, 0x80, 0xDF, 0x03, 0x00, 0x80, 0xFD, 0x03,
    0xFF, 0x80, 0x0D, 0x02, 0x00, 0x81, 0x30, 0xED, 0x02, 0xEE, 0x80, 0x3D, 0x03, 0x00, 0x80, 0xD3,
    0x02, 0xEE, 0x81, 0xDE, 0x03, 0x02, 0x00, 0x80, 0xB0, 0x03, 0xFF, 0x80, 0xBF, 0x03, 0x00, 0x80,
    0xFB, 0x03, 0xFF, 0x80, 0x0B, 0x02, 0x00, 0x80, 0xD0, 0x03, 0xFF, 0x80, 0xDF, 0x03, 0x00, 0x80,
    0xFD, 0x03, 0xFF, 0x80, 0x0D, 0x02, 0x00, 0x81, 0x30, 0x98, 0x02, 0x99, 0x80, 0x28, 0x03, 0x00,
    0x80, 0x83, 0x02, 0x99, 0x81, 0x89, 0x02, 0x02, 0x00, 0x81, 0x10, 0x54, 0x02, 0x55, 0x80, 0x14,
    0x03, 0x00, 0x80, 0x41, 0x02, 0x55, 0x81, 0x45, 0x01, 0x02, 0x00, 0x80, 0xB0, 0x03, 0xFF, 0x80,
    0xBF, 0x03, 0x00, 0x80, 0xFB, 0x03, 0xFF, 0x80, 0x0B, 0x02, 0x00, 0x80, 0xD0, 0x03, 0xFF, 0x80,
    0xDF, 0x03, 0x00, 0x80, 0xFD, 0x03, 0xFF, 0x80, 0x0D, 0x02, 0x00, 0x81, 0x30, 0x98, 0x02, 0x99,
    0x80, 0x28, 0x03, 0x00, 0x80, 0x83, 0x02, 0x99, 0x81, 0x89, 0x02, 0x04, 0x00, 0x80, 0x10, 0x07,
    0x55, 0x80, 0x01, 0x06, 0x00, 0x80, 0xE1, 0x07, 0xFF, 0x80, 0x1E, 0x06, 0x00, 0x80, 0xF2, 0x07,
    0xFF, 0x80, 0x2F, 0x06, 0x00, 0x80, 0x40, 0x07, 0x99, 0x80, 0x04, 0x3F, 0x00, 0x82, 0x00, 0x10,
    0x54, 0x08, 0x55, 0x80, 0x01, 0x04, 0x00, 0x80, 0xB0, 0x09, 0xFF, 0x80, 0x1E, 0x04, 0x00, 0x80,
    0xD0, 0x09, 0xFF, 0x80, 0x2F, 0x04, 0x00, 0x81, 0x30, 0x98, 0x08, 0x99, 0x80, 0x04, 0x04, 0x00,
    0x81, 0x10, 0x54, 0x02, 0x55, 0x80, 0x14, 0x03, 0x00, 0x80, 0x41, 0x02, 0x55, 0x81, 0x45, 0x01,
    0x02, 0x00, 0x80, 0xB0, 0x03, 0xFF, 0x80, 0xBF, 0x03, 0x00, 0x80, 0xFB, 0x03, 0xFF, 0x80, 0x0B,
    0x02, 0x00, 0x80, 0xD0, 0x03, 0xFF, 0x80, 0xDF, 0x03, 0x00, 0x80, 0xFD, 0x03, 0xFF, 0x80, 0x0D,
    0x02, 0x00, 0x81, 0x30, 0x98, 0x02, 0x99, 0x80, 0x28, 0x03, 0x00, 0x80, 0x83, 0x02, 0x99, 0x81,
    0x89, 0x02, 0x02, 0x00, 0x81, 0x10, 0x54, 0x02, 0x55, 0x80, 0x14, 0x03, 0x00, 0x80, 0x41, 0x02,
    0x55, 0x81, 0x45, 0x01, 0x02, 0x00, 0x80, 0xB0, 0x03, 0xFF, 0x80, 0xBF, 0x03, 0x00, 0x80, 0xFB,
    0x03, 0xFF, 0x80, 0x0B, 0x02, 0x00, 0x80, 0xD0, 0x03, 0xFF, 0x80, 0xDF, 0x03, 0x00, 0x80, 0xFD,
    0x03, 0xFF, 0x80, 0x0D, 0x02, 0x00, 0x81, 0x30, 0x98, 0x02, 0x99, 0x80, 0x28, 0x03, 0x00, 0x80,
    0x83, 0x02, 0x99, 0x81, 0x89, 0x02, 0x02, 0x00, 0x81, 0x10, 0x54, 0x08, 0x55, 0x80, 0x01, 0x04,
    0x00, 0x80, 0xB0, 0x09, 0xFF, 0x80, 0x1E, 0x04, 0x00, 0x80, 0xD0, 0x09, 0xFF, 0x80, 0x2F, 0x04,
    0x00, 0x81, 0x30, 0xED, 0x02, 0xEE, 0x80, 0x9D, 0x05, 0x99, 0x80, 0x04, 0x04, 0x00, 0x80, 0xB0,
    0x03, 0xFF, 0x80, 0xBF, 0x0A, 0x00, 0x80, 0xD0, 0x03, 0xFF, 0x80, 0xDF, 0x0A, 0x00, 0x81, 0x30,
    0x98, 0x02, 0x99, 0x80, 0x28, 0x0A, 0x00, 0x81, 0x10, 0x54, 0x02, 0x55, 0x80, 0x14, 0x0A, 0x00,
    0x80, 0xB0, 0x03, 0xFF, 0x80, 0xBF, 0x0A, 0x00, 0x80, 0xD0, 0x03, 0xFF, 0x80, 0xDF, 0x0A, 0x00,
    0x81, 0x30, 0x98, 0x02, 0x99, 0x80, 0x28, 0x0A, 0x00, 0x81, 0x10, 0x54, 0x02, 0x55, 0x80, 0x14,
    0x0A, 0x00, 0x80, 0xB0, 0x03, 0xFF, 0x80, 0xBF, 0x0A, 0x00, 0x80, 0xD0, 0x03, 0xFF, 0x80, 0xDF,
    0x0A, 0x00, 0x81, 0x30, 0x98, 0x02, 0x99, 0x80, 0x28, 0x45, 0x00, 0x03, 0x00, 0x80, 0x10, 0x07,
    0x55, 0x80, 0x01, 0x06, 0x00, 0x80, 0xE1, 0x07, 0xFF, 0x80, 0x1E, 0x06, 0x00, 0x80, 0xF2, 0x07,
    0xFF, 0x80, 0x2F, 0x06, 0x00, 0x80, 0x40, 0x07, 0x99, 0x80, 0x04, 0x04, 0x00, 0x81, 0x10, 0x54,
    0x02, 0x55, 0x80, 0x14, 0x03, 0x00, 0x80, 0x41, 0x02, 0x55, 0x81, 0x45, 0x01, 0x02, 0x00, 0x80,
    0xB0, 0x03, 0xFF, 0x80, 0xBF, 0x03, 0x00, 0x80, 0xFB, 0x03, 0xFF, 0x80, 0x0B, 0x02, 0x00, 0x80,
    0xD0, 0x03, 0xFF, 0x80, 0xDF, 0x03, 0x00, 0x80, 0xFD, 0x03, 0xFF, 0x80, 0x0D, 0x02, 0x00, 0x81,
    0x30, 0x98, 0x02, 0x99, 0x80, 0x28, 0x03, 0x00, 0x80, 0x83, 0x02, 0x99, 0x81, 0x89, 0x02, 0x02,
    0x00, 0x81, 0x10, 0x54, 0x02, 0x55, 0x80, 0x14, 0x03, 0x00, 0x80, 0x41, 0x02, 0x55, 0x81, 0x45,
    0x01, 0x02, 0x00, 0x80, 0xB0, 0x03, 0xFF, 0x80, 0xBF, 0x03, 0x00, 0x80, 0xFB, 0x03, 0xFF, 0x80,
    0x0B, 0x02, 0x00, 0x80, 0xD0, 0x03, 0xFF, 0x80, 0xDF, 0x03, 0x00, 0x80, 0xFD, 0x03, 0xFF, 0x80,
    0x0D, 0x02, 0x00, 0x81, 0x30, 0x98, 0x02, 0x99, 0x80, 0x28, 0x03, 0x00, 0x80, 0x83, 0x02, 0x99,
    0x81, 0x89, 0x02, 0x02, 0x00, 0x81, 0x10, 0x54, 0x02, 0x55, 0x80, 0x14, 0x03, 0x00, 0x80, 0x41,
    0x02, 0x55, 0x81, 0x45, 0x01, 0x02, 0x00, 0x80, 0xB0, 0x03, 0xFF, 0x80, 0xBF, 0x03, 0x00, 0x80,
    0xFB, 0x03, 0xFF, 0x80, 0x0B, 0x02, 0x00, 0x80, 0xD0, 0x03, 0xFF, 0x80, 0xDF, 0x03, 0x00, 0x80,
    0xFD, 0x03, 0xFF, 0x80, 0x0D, 0x02, 0x00, 0x81, 0x30, 0xED, 0x02, 0xEE, 0x80, 0x3D, 0x03, 0x00,
    0x80, 0xD3, 0x02, 0xEE, 0x81, 0xDE, 0x03, 0x02, 0x00, 0x80, 0xB0, 0x03, 0xFF, 0x80, 0xBF, 0x03,
    0x00, 0x80, 0xFB, 0x03, 0xFF, 0x80, 0x0B, 0x02, 0x00, 0x80, 0xD0, 0x03, 0xFF, 0x80, 0xDF, 0x03,
    0x00, 0x80, 0xFD, 0x03, 0xFF, 0x80, 0x0D, 0x02, 0x00, 0x81, 0x30, 0x98, 0x02, 0x99, 0x80, 0x28,
    0x03, 0x00, 0x80, 0x83, 0x02, 0x99, 0x81, 0x89, 0x02, 0x04, 0x00, 0x80, 0x10, 0x07, 0x55, 0x80,
    0x01, 0x06, 0x00, 0x80, 0xE1, 0x07, 0xFF, 0x80, 0x1E, 0x06, 0x00, 0x80, 0xF2, 0x07, 0xFF, 0x80,
    0x2F, 0x06, 0x00, 0x80, 0x40, 0x07, 0x99, 0x80, 0x04, 0x0A, 0x00, 0x80, 0x40, 0x04, 0x55, 0x81,
    0x45, 0x01, 0x08, 0x00, 0x80, 0xF8, 0x05, 0xFF, 0x80, 0x0B, 0x08, 0x00, 0x80, 0xF9, 0x05, 0xFF,
    0x80, 0x0D, 0x08, 0x00, 0x80, 0x71, 0x04, 0x99, 0x81, 0x89, 0x02, 0x3D, 0x00, 0x82, 0x00, 0x10,
    0x54, 0x08, 0x55, 0x80, 0x01, 0x04, 0x00, 0x80, 0xB0, 0x09, 0xFF, 0x80, 0x1E, 0x04, 0x00, 0x80,
    0xD0, 0x09, 0xFF, 0x80, 0x2F, 0x04, 0x00, 0x81, 0x30, 0x98, 0x08, 0x99, 0x80, 0x04, 0x04, 0x00,
    0x81, 0x10, 0x54, 0x02, 0x55, 0x80, 0x14, 0x03, 0x00, 0x80, 0x41, 0x02, 0x55, 0x81, 0x45, 0x01,
    0x02, 0x00, 0x80, 0xB0, 0x03, 0xFF, 0x80, 0xBF, 0x03, 0x00, 0x80, 0xFB, 0x03, 0xFF, 0x80, 0x0B,
    0x02, 0x00, 0x80, 0xD0, 0x03, 0xFF, 0x80, 0xDF, 0x03, 0x00, 0x80, 0xFD, 0x03, 0xFF, 0x80, 0x0D,
    0x02, 0x00, 0x81, 0x30, 0x98, 0x02, 0x99, 0x80, 0x28, 0x03, 0x00, 0x80, 0x83, 0x02, 0x99, 0x81,
    0x89, 0x02, 0x02, 0x00, 0x81, 0x10, 0x54, 0x02, 0x55, 0x80, 0x14, 0x03, 0x00, 0x80, 0x41, 0x02,
    0x55, 0x81, 0x45, 0x01, 0x02, 0x00, 0x80, 0xB0, 0x03, 0xFF, 0x80, 0xBF, 0x03, 0x00, 0x80, 0xFB,
    0x03, 0xFF, 0x80, 0x0B, 0x02, 0x00, 0x80, 0xD0, 0x03, 0xFF, 0x80, 0xDF, 0x03, 0x00, 0x80, 0xFD,
    0x03, 0xFF, 0x80, 0x0D, 0x02, 0x00, 0x81, 0x30, 0x98, 0x02, 0x99, 0x80, 0x28, 0x03, 0x00, 0x80,
    0x83, 0x02, 0x99, 0x81, 0x89, 0x02, 0x02, 0x00, 0x81, 0x10, 0x54, 0x08, 0x55, 0x80, 0x01, 0x04,
    0x00, 0x80, 0xB0, 0x09, 0xFF, 0x80, 0x1E, 0x04, 0x00, 0x80, 0xD0, 0x09, 0xFF, 0x80, 0x2F, 0x04,
    0x00, 0x81, 0x30, 0xED, 0x06, 0xEE, 0x82, 0x9B, 0x99, 0x04, 0x04, 0x00, 0x80, 0xB0, 0x07, 0xFF,
    0x80, 0x4F, 0x06, 0x00, 0x80, 0xD0, 0x07, 0xFF, 0x80, 0x6F, 0x06, 0x00, 0x81, 0x30, 0x98, 0x06,
    0x99, 0x80, 0x06, 0x06, 0x00, 0x81, 0x10, 0x54, 0x02, 0x55, 0x82, 0x14, 0x00, 0x40, 0x03, 0x55,
    0x80, 0x01, 0x04, 0x00, 0x80, 0xB0, 0x03, 0xFF, 0x82, 0xBF, 0x00, 0xF8, 0x03, 0xFF, 0x80, 0x1E,
    0x04, 0x00, 0x80, 0xD0, 0x03, 0xFF, 0x82, 0xDF, 0x00, 0xF9, 0x03, 0xFF, 0x80, 0x2F, 0x04, 0x00,
    0x81, 0x30, 0x98, 0x02, 0x99, 0x82, 0x28, 0x00, 0x71, 0x03, 0x99, 0x80, 0x04, 0x04, 0x00, 0x81,
    0x10, 0x54, 0x02, 0x55, 0x80, 0x14, 0x03, 0x00, 0x80, 0x41, 0x02, 0x55, 0x81, 0x45, 0x01, 0x02,
    0x00, 0x80, 0xB0, 0x03, 0xFF, 0x80, 0xBF, 0x03, 0x00, 0x80, 0xFB, 0x03, 0xFF, 0x80, 0x0B, 0x02,
    0x00, 0x80, 0xD0, 0x03, 0xFF, 0x80, 0xDF, 0x03, 0x00, 0x80, 0xFD, 0x03, 0xFF, 0x80, 0x0D, 0x02,
    0x00, 0x81, 0x30, 0x98, 0x02, 0x99, 0x80, 0x28, 0x03, 0x00, 0x80, 0x83, 0x02, 0x99, 0x81, 0x89,
    0x02, 0x3D, 0x00, 0x03, 0x00, 0x80, 0x10, 0x07, 0x55, 0x80, 0x01, 0x06, 0x00, 0x80, 0xE1, 0x07,
    0xFF, 0x80, 0x1E, 0x06, 0x00, 0x80, 0xF2, 0x07, 0xFF, 0x80, 0x2F, 0x06, 0x00, 0x80, 0x40, 0x07,
    0x99, 0x80, 0x04, 0x04, 0x00, 0x81, 0x10, 0x54, 0x02, 0x55, 0x80, 0x14, 0x03, 0x00, 0x80, 0x41,
    0x02, 0x55, 0x81, 0x45, 0x01, 0x02, 0x00, 0x80, 0xB0, 0x03, 0xFF, 0x80, 0xBF, 0x03, 0x00, 0x80,
    0xFB, 0x03, 0xFF, 0x80, 0x0B, 0x02, 0x00, 0x80, 0xD0, 0x03, 0xFF, 0x80, 0xDF, 0x03, 0x00, 0x80,
    0xFD, 0x03, 0xFF, 0x80, 0x0D, 0x02, 0x00, 0x81, 0x30, 0x98, 0x02, 0x99, 0x80, 0x28, 0x03, 0x00,
    0x80, 0x83, 0x02, 0x99, 0x81, 0x89, 0x02, 0x02, 0x00, 0x81, 0x10, 0x54, 0x02, 0x55, 0x80, 0x14,
    0x0A, 0x00, 0x80, 0xB0, 0x03, 0xFF, 0x80, 0xBF, 0x0A, 0x00, 0x80, 0xD0, 0x03, 0xFF, 0x80, 0xDF,
    0x0A, 0x00, 0x81, 0x30, 0x98, 0x02, 0x99, 0x80, 0x28, 0x0C, 0x00, 0x80, 0x10, 0x07, 0x55, 0x80,
    0x01, 0x06, 0x00, 0x80, 0xE1, 0x07, 0xFF, 0x80, 0x1E, 0x06, 0x00, 0x80, 0xF2, 0x07, 0xFF, 0x80,
    0x2F, 0x06, 0x00, 0x80, 0x40, 0x05, 0x99, 0x84, 0xD9, 0xEE, 0x5A, 0x45, 0x01, 0x0A, 0x00, 0x80,
    0xFB, 0x03, 0xFF, 0x80, 0x0B, 0x0A, 0x00, 0x80, 0xFD, 0x03, 0xFF, 0x80, 0x0D, 0x0A, 0x00, 0x80,
    0x83, 0x02, 0x99, 0x81, 0x89, 0x02, 0x02, 0x00, 0x81, 0x10, 0x54, 0x02, 0x55, 0x80, 0x14, 0x03,
    0x00, 0x80, 0x41, 0x02, 0x55, 0x81, 0x45, 0x01, 0x02, 0x00, 0x80, 0xB0, 0x03, 0xFF, 0x80, 0xBF,
    0x03, 0x00, 0x80, 0xFB, 0x03, 0xFF, 0x80, 0x0B, 0x02, 0x00, 0x80, 0xD0, 0x03, 0xFF, 0x80, 0xDF,
    0x03, 0x00, 0x80, 0xFD, 0x03, 0xFF, 0x80, 0x0D, 0x02, 0x00, 0x81, 0x30, 0x98, 0x02, 0x99, 0x80,
    0x28, 0x03, 0x00, 0x80, 0x83, 0x02, 0x99, 0x81, 0x89, 0x02, 0x04, 0x00, 0x80, 0x10, 0x07, 0x55,
    0x80, 0x01, 0x06, 0x00, 0x80, 0xE1, 0x07, 0xFF, 0x80, 0x1E, 0x06, 0x00, 0x80, 0xF2, 0x07, 0xFF,
    0x80, 0x2F, 0x06, 0x00, 0x80, 0x40, 0x07, 0x99, 0x80, 0x04, 0x3F, 0x00, 0x82, 0x00, 0x10, 0x54,
    0x09, 0x55, 0x81, 0x45, 0x01, 0x02, 0x00, 0x80, 0xB0, 0x0B, 0xFF, 0x80, 0x0B, 0x02, 0x00, 0x80,
    0xD0, 0x0B, 0xFF, 0x80, 0x0D, 0x02, 0x00, 0x81, 0x30, 0x98, 0x09, 0x99, 0x81, 0x89, 0x02, 0x06,
    0x00, 0x80, 0x30, 0x03, 0x55, 0x80, 0x03, 0x0A, 0x00, 0x80, 0xF4, 0x03, 0xFF, 0x80, 0x4F, 0x0A,
    0x00, 0x80, 0xF6, 0x03, 0xFF, 0x80, 0x6F, 0x0A, 0x00, 0x80, 0x60, 0x03, 0x99, 0x80, 0x06, 0x0A,
    0x00, 0x80, 0x30, 0x03, 0x55, 0x80, 0x03, 0x0A, 0x00, 0x80, 0xF4, 0x03, 0xFF, 0x80, 0x4F, 0x0A,
    0x00, 0x80, 0xF6, 0x03, 0xFF, 0x80, 0x6F, 0x0A, 0x00, 0x80, 0x60, 0x03, 0x99, 0x80, 0x06, 0x0A,
    0x00, 0x80, 0x30, 0x03, 0x55, 0x80, 0x03, 0x0A, 0x00, 0x80, 0xF4, 0x03, 0xFF, 0x80, 0x4F, 0x0A,
    0x00, 0x80, 0xF6, 0x03, 0xFF, 0x80, 0x6F, 0x0A, 0x00, 0x80, 0x90, 0x03, 0xEE, 0x80, 0x09, 0x0A,
    0x00, 0x80, 0xF4, 0x03, 0xFF, 0x80, 0x4F, 0x0A, 0x00, 0x80, 0xF6, 0x03, 0xFF, 0x80, 0x6F, 0x0A,
    0x00, 0x80, 0x60, 0x03, 0x99, 0x80, 0x06, 0x0A, 0x00, 0x80, 0x30, 0x03, 0x55, 0x80, 0x03, 0x0A,
    0x00, 0x80, 0xF4, 0x03, 0xFF, 0x80, 0x4F, 0x0A, 0x00, 0x80, 0xF6, 0x03, 0xFF, 0x80, 0x6F, 0x0A,
    0x00, 0x80, 0x60, 0x03, 0x99, 0x80, 0x06, 0x0A, 0x00, 0x80, 0x30, 0x03, 0x55, 0x80, 0x03, 0x0A,
    0x00, 0x80, 0xF4, 0x03, 0xFF, 0x80, 0x4F, 0x0A, 0x00, 0x80, 0xF6, 0x03, 0xFF, 0x80, 0x6F, 0x0A,
    0x00, 0x80, 0x60, 0x03, 0x99, 0x80, 0x06, 0x41, 0x00, 0x82, 0x00, 0x10, 0x54, 0x02, 0x55, 0x80,
    0x14, 0x03, 0x00, 0x80, 0x41, 0x02, 0x55, 0x81, 0x45, 0x01, 0x02, 0x00, 0x80, 0xB0, 0x03, 0xFF,
    0x80, 0xBF, 0x03, 0x00, 0x80, 0xFB, 0x03, 0xFF, 0x80, 0x0B, 0x02, 0x00, 0x80, 0xD0, 0x03, 0xFF,
    0x80, 0xDF, 0x03, 0x00, 0x80, 0xFD, 0x03, 0xFF, 0x80, 0x0D, 0x02, 0x00, 0x81, 0x30, 0x98, 0x02,
    0x99, 0x80, 0x28, 0x03, 0x00, 0x80, 0x83, 0x02, 0x99, 0x81, 0x89, 0x02, 0x02, 0x00, 0x81, 0x10,
    0x54, 0x02, 0x55, 0x80, 0x14, 0x03, 0x00, 0x80, 0x41, 0x02, 0x55, 0x81, 0x45, 0x01, 0x02, 0x00,
    0x80, 0xB0, 0x03, 0xFF, 0x80, 0xBF, 0x03, 0x00, 0x80, 0xFB, 0x03, 0xFF, 0x80, 0x0B, 0x02, 0x00,
    0x80, 0xD0, 0x03, 0xFF, 0x80, 0xDF, 0x03, 0x00, 0x80, 0xFD, 0x03, 0xFF, 0x80, 0x0D, 0x02, 0x00,
    0x81, 0x30, 0x98, 0x02, 0x99, 0x80, 0x28, 0x03, 0x00, 0x80, 0x83, 0x02, 0x99, 0x81, 0x89, 0x02,
    0x02, 0x00, 0x81, 0x10, 0x54, 0x02, 0x55, 0x80, 0x14, 0x03, 0x00, 0x80, 0x41, 0x02, 0x55, 0x81,
    0x45, 0x01, 0x02, 0x00, 0x80, 0xB0, 0x03, 0xFF, 0x80, 0xBF, 0x03, 0x00, 0x80, 0xFB, 0x03, 0xFF,
    0x80, 0x0B, 0x02, 0x00, 0x80, 0xD0, 0x03, 0xFF, 0x80, 0xDF, 0x03, 0x00, 0x80, 0xFD, 0x03, 0xFF,
    0x80, 0x0D, 0x02, 0x00, 0x81, 0x30, 0x98, 0x02, 0x99, 0x80, 0x28, 0x03, 0x00, 0x80, 0x83, 0x02,
    0x99, 0x81, 0x89, 0x02, 0x02, 0x00, 0x81, 0x10, 0x54, 0x02, 0x55, 0x80, 0x14, 0x03, 0x00, 0x80,
    0x41, 0x02, 0x55, 0x81, 0x45, 0x01, 0x02, 0x00, 0x80, 0xB0, 0x03, 0xFF, 0x80, 0xBF, 0x03, 0x00,
    0x80, 0xFB, 0x03, 0xFF, 0x80, 0x0B, 0x02, 0x00, 0x80, 0xD0, 0x03, 0xFF, 0x80, 0xDF, 0x03, 0x00,
    0x80, 0xFD, 0x03, 0xFF, 0x80, 0x0D, 0x02, 0x00, 0x81, 0x30, 0xED, 0x02, 0xEE, 0x80, 0x3D, 0x03,
    0x00, 0x80, 0xD3, 0x02, 0xEE, 0x81, 0xDE, 0x03, 0x02, 0x00, 0x80, 0xB0, 0x03, 0xFF, 0x80, 0xBF,
    0x03, 0x00, 0x80, 0xFB, 0x03, 0xFF, 0x80, 0x0B, 0x02, 0x00, 0x80, 0xD0, 0x03, 0xFF, 0x80, 0xDF,
    0x03, 0x00, 0x80, 0xFD, 0x03, 0xFF, 0x80, 0x0D, 0x02, 0x00, 0x81, 0x30, 0x98, 0x02, 0x99, 0x80,
    0x28, 0x03, 0x00, 0x80, 0x83, 0x02, 0x99, 0x81, 0x89, 0x02, 0x02, 0x00, 0x81, 0x10, 0x54, 0x02,
    0x55, 0x80, 0x14, 0x03, 0x00, 0x80, 0x41, 0x02, 0x55, 0x81, 0x45, 0x01, 0x02, 0x00, 0x80, 0xB0,
    0x03, 0xFF, 0x80, 0xBF, 0x03, 0x00, 0x80, 0xFB, 0x03, 0xFF, 0x80, 0x0B, 0x02, 0x00, 0x80, 0xD0,
    0x03, 0xFF, 0x80, 0xDF, 0x03, 0x00, 0x80, 0xFD, 0x03, 0xFF, 0x80, 0x0D, 0x02, 0x00, 0x81, 0x30,
    0x98, 0x02, 0x99, 0x80, 0x28, 0x03, 0x00, 0x80, 0x83, 0x02, 0x99, 0x81, 0x89, 0x02, 0x04, 0x00,
    0x80, 0x10, 0x07, 0x55, 0x80, 0x01, 0x06, 0x00, 0x80, 0xE1, 0x07, 0xFF, 0x80, 0x1E, 0x06, 0x00,
    0x80, 0xF2, 0x07, 0xFF, 0x80, 0x2F, 0x06, 0x00, 0x80, 0x40, 0x07, 0x99, 0x80, 0x04, 0x3F, 0x00,
    0x82, 0x00, 0x10, 0x54, 0x02, 0x55, 0x80, 0x14, 0x03, 0x00, 0x80, 0x41, 0x02, 0x55, 0x81, 0x45,
    0x01, 0x02, 0x00, 0x80, 0xB0, 0x03, 0xFF, 0x80, 0xBF, 0x03, 0x00, 0x80, 0xFB, 0x03, 0xFF, 0x80,
    0x0B, 0x02, 0x00, 0x80, 0xD0, 0x03, 0xFF, 0x80, 0xDF, 0x03, 0x00, 0x80, 0xFD, 0x03, 0xFF, 0x80,
    0x0D, 0x02, 0x00, 0x81, 0x30, 0x98, 0x02, 0x99, 0x80, 0x28, 0x03, 0x00, 0x80, 0x83, 0x02, 0x99,
    0x81, 0x89, 0x02, 0x02, 0x00, 0x81, 0x10, 0x54, 0x02, 0x55, 0x80, 0x14, 0x03, 0x00, 0x80, 0x41,
    0x02, 0x55, 0x81, 0x45, 0x01, 0x02, 0x00, 0x80, 0xB0, 0x03, 0xFF, 0x80, 0xBF, 0x03, 0x00, 0x80,
    0xFB, 0x03, 0xFF, 0x80, 0x0B, 0x02, 0x00, 0x80, 0xD0, 0x03, 0xFF, 0x80, 0xDF, 0x03, 0x00, 0x80,
    0xFD, 0x03, 0xFF, 0x80, 0x0D, 0x02, 0x00, 0x81, 0x30, 0x98, 0x02, 0x99, 0x80, 0x28, 0x03, 0x00,
    0x80, 0x83, 0x02, 0x99, 0x81, 0x89, 0x02, 0x02, 0x00, 0x81, 0x10, 0x54, 0x02, 0x55, 0x80, 0x14,
    0x03, 0x00, 0x80, 0x41, 0x02, 0x55, 0x81, 0x45, 0x01, 0x02, 0x00, 0x80, 0xB0, 0x03, 0xFF, 0x80,
    0xBF, 0x03, 0x00, 0x80, 0xFB, 0x03, 0xFF, 0x80, 0x0B, 0x02, 0x00, 0x80, 0xD0, 0x03, 0xFF, 0x80,
    0xDF, 0x03, 0x00, 0x80, 0xFD, 0x03, 0xFF, 0x80, 0x0D, 0x02, 0x00, 0x81, 0x30, 0x98, 0x02, 0x99,
    0x80, 0x28, 0x03, 0x00, 0x80, 0x83, 0x02, 0x99, 0x81, 0x89, 0x02, 0x02, 0x00, 0x81, 0x10, 0x54,
    0x02, 0x55, 0x80, 0x14, 0x03, 0x00, 0x80, 0x41, 0x02, 0x55, 0x81, 0x45, 0x01, 0x02, 0x00, 0x80,
    0xB0, 0x03, 0xFF, 0x80, 0xBF, 0x03, 0x00, 0x80, 0xFB, 0x03, 0xFF, 0x80, 0x0B, 0x02, 0x00, 0x80,
    0xD0, 0x03, 0xFF, 0x80, 0xDF, 0x03, 0x00, 0x80, 0xFD, 0x03, 0xFF, 0x80, 0x0D, 0x02, 0x00, 0x81,
    0x30, 0xED, 0x02, 0xEE, 0x80, 0x3D, 0x03, 0x00, 0x80, 0xD3, 0x02, 0xEE, 0x81, 0xDE, 0x03, 0x02,
    0x00, 0x80, 0xB0, 0x03, 0xFF, 0x80, 0xBF, 0x03, 0x00, 0x80, 0xFB, 0x03, 0xFF, 0x80, 0x0B, 0x02,
    0x00, 0x80, 0xD0, 0x03, 0xFF, 0x80, 0xDF, 0x03, 0x00, 0x80, 0xFD, 0x03, 0xFF, 0x80, 0x0D, 0x02,
    0x00, 0x81, 0x30, 0x98, 0x02, 0x99, 0x80, 0x28, 0x03, 0x00, 0x80, 0x83, 0x02, 0x99, 0x81, 0x89,
    0x02, 0x04, 0x00, 0x80, 0x10, 0x07, 0x55, 0x80, 0x01, 0x06, 0x00, 0x80, 0xE1, 0x07, 0xFF, 0x80,
    0x1E, 0x06, 0x00, 0x80, 0xF2, 0x07, 0xFF, 0x80, 0x2F, 0x06, 0x00, 0x80, 0x40, 0x07, 0x99, 0x80,
    0x04, 0x08, 0x00, 0x80, 0x30, 0x03, 0x55, 0x80, 0x03, 0x0A, 0x00, 0x80, 0xF4, 0x03, 0xFF, 0x80,
    0x4F, 0x0A, 0x00, 0x80, 0xF6, 0x03, 0xFF, 0x80, 0x6F, 0x0A, 0x00, 0x80, 0x60, 0x03, 0x99, 0x80,
    0x06, 0x41, 0x00, 0x82, 0x00, 0x10, 0x54, 0x02, 0x55, 0x80, 0x14, 0x05, 0x00, 0x80, 0x51, 0x02,
    0x55, 0x80, 0x45, 0x02, 0x00, 0x80, 0xFB, 0x03, 0xFF, 0x80, 0x0B, 0x04, 0x00, 0x80, 0xE1, 0x03,
    0xFF, 0x82, 0x8F, 0x00, 0xD0, 0x03, 0xFF, 0x80, 0xDF, 0x04, 0x00, 0x80, 0x20, 0x04, 0xFF, 0x82,
    0x09, 0x00, 0x83, 0x02, 0x99, 0x81, 0x89, 0x02, 0x04, 0x00, 0x80, 0x40, 0x03, 0x99, 0x83, 0x17,
    0x00, 0x10, 0x54, 0x02, 0x55, 0x80, 0x14, 0x05, 0x00, 0x80, 0x51, 0x02, 0x55, 0x80, 0x45, 0x02,
    0x00, 0x80, 0xFB, 0x03, 0xFF, 0x80, 0x0B, 0x04, 0x00, 0x80, 0xE1, 0x03, 0xFF, 0x82, 0x8F, 0x00,
    0xD0, 0x03, 0xFF, 0x80, 0xDF, 0x04, 0x00, 0x80, 0x20, 0x04, 0xFF, 0x82, 0x09, 0x00, 0x83, 0x02,
    0x99, 0x81, 0x89, 0x02, 0x04, 0x00, 0x80, 0x40, 0x03, 0x99, 0x83, 0x17, 0x00, 0x10, 0x54, 0x02,
    0x55, 0x80, 0x14, 0x05, 0x00, 0x80, 0x51, 0x02, 0x55, 0x80, 0x45, 0x02, 0x00, 0x80, 0xFB, 0x03,
    0xFF, 0x80, 0x0B, 0x04, 0x00, 0x80, 0xE1, 0x03, 0xFF, 0x82, 0x8F, 0x00, 0xD0, 0x03, 0xFF, 0x80,
    0xDF, 0x04, 0x00, 0x80, 0x20, 0x04, 0xFF, 0x82, 0x09, 0x00, 0x83, 0x02, 0x99, 0x81, 0x89, 0x02,
    0x04, 0x00, 0x80, 0x40, 0x03, 0x99, 0x83, 0x17, 0x00, 0x10, 0x54, 0x02, 0x55, 0x86, 0x14, 0x00,
    0x40, 0x55, 0x03, 0x00, 0x51, 0x02, 0x55, 0x80, 0x45, 0x02, 0x00, 0x80, 0xFB, 0x03, 0xFF, 0x81,
    0x0B, 0x80, 0x02, 0xFF, 0x81, 0x04, 0xE1, 0x03, 0xFF, 0x82, 0x8F, 0x00, 0xD0, 0x03, 0xFF, 0x85,
    0xDF, 0x00, 0xFA, 0xFF, 0x6F, 0x20, 0x04, 0xFF, 0x82, 0x09, 0x00, 0xD3, 0x02, 0xEE, 0x86, 0xDE,
    0x58, 0x75, 0xED, 0xCE, 0x55, 0xA5, 0x03, 0xEE, 0x82, 0x1B, 0x00, 0xB0, 0x0D, 0xFF, 0x82, 0x08,
    0x00, 0xFD, 0x0C, 0xFF, 0x83, 0x9F, 0x00, 0x30, 0x98, 0x0B, 0x99, 0x83, 0x79, 0x01, 0x00, 0x41,
    0x04, 0x55, 0x83, 0x45, 0x00, 0x10, 0x54, 0x04, 0x55, 0x82, 0x04, 0x00, 0xB0, 0x05, 0xFF, 0x82,
    0x8F, 0x00, 0xFB, 0x05, 0xFF, 0x82, 0x08, 0x00, 0xFD, 0x05, 0xFF, 0x81, 0x09, 0xD0, 0x05, 0xFF,
    0x83, 0x9F, 0x00, 0x30, 0x98, 0x04, 0x99, 0x82, 0x17, 0x00, 0x83, 0x04, 0x99, 0x83, 0x79, 0x01,
    0x00, 0x41, 0x02, 0x55, 0x81, 0x45, 0x01, 0x04, 0x00, 0x80, 0x10, 0x03, 0x55, 0x82, 0x04, 0x00,
    0xB0, 0x03, 0xFF, 0x80, 0xBF, 0x04, 0x00, 0x81, 0x10, 0xFE, 0x03, 0xFF, 0x82, 0x08, 0x00, 0xFD,
    0x03, 0xFF, 0x80, 0x0D, 0x04, 0x00, 0x80, 0xF2, 0x03, 0xFF, 0x83, 0x9F, 0x00, 0x30, 0x98, 0x02,
    0x99, 0x80, 0x28, 0x05, 0x00, 0x80, 0x94, 0x02, 0x99, 0x81, 0x79, 0x01, 0x3E, 0x00, 0x82, 0x00,
    0x10, 0x54, 0x02, 0x55, 0x80, 0x14, 0x03, 0x00, 0x80, 0x41, 0x02, 0x55, 0x81, 0x45, 0x01, 0x02,
    0x00, 0x80, 0xB0, 0x03, 0xFF, 0x80, 0xBF, 0x03, 0x00, 0x80, 0xFB, 0x03, 0xFF, 0x80, 0x0B, 0x02,
    0x00, 0x80, 0xD0, 0x03, 0xFF, 0x80, 0xDF, 0x03, 0x00, 0x80, 0xFD, 0x03, 0xFF, 0x80, 0x0D, 0x02,
    0x00, 0x81, 0x30, 0x98, 0x02, 0x99, 0x80, 0x28, 0x03, 0x00, 0x80, 0x83, 0x02, 0x99, 0x81, 0x89,
    0x02, 0x02, 0x00, 0x81, 0x10, 0x54, 0x02, 0x55, 0x80, 0x14, 0x03, 0x00, 0x80, 0x41, 0x02, 0x55,
    0x81, 0x45, 0x01, 0x02, 0x00, 0x80, 0xB0, 0x03, 0xFF, 0x80, 0xBF, 0x03, 0x00, 0x80, 0xFB, 0x03,
    0xFF, 0x80, 0x0B, 0x02, 0x00, 0x80, 0xD0, 0x03, 0xFF, 0x80, 0xDF, 0x03, 0x00, 0x80, 0xFD, 0x03,
    0xFF, 0x80, 0x0D, 0x02, 0x00, 0x81, 0x30, 0x98, 0x02, 0x99, 0x80, 0x28, 0x03, 0x00, 0x80, 0x83,
    0x02, 0x99, 0x81, 0x89, 0x02, 0x04, 0x00, 0x80, 0x10, 0x07, 0x55, 0x80, 0x01, 0x06, 0x00, 0x80,
    0xE1, 0x07, 0xFF, 0x80, 0x1E, 0x06, 0x00, 0x80, 0xF2, 0x07, 0xFF, 0x80, 0x2F, 0x06, 0x00, 0x80,
    0x40, 0x07, 0x99, 0x80, 0x04, 0x08, 0x00, 0x80, 0x30, 0x03, 0x55, 0x80, 0x03, 0x0A, 0x00, 0x80,
    0xF4, 0x03, 0xFF, 0x80, 0x4F, 0x0A, 0x00, 0x80, 0xF6, 0x03, 0xFF, 0x80, 0x6F, 0x08, 0x00, 0x82,
    0x10, 0x55, 0xB5, 0x03, 0xEE, 0x82, 0x5B, 0x55, 0x01, 0x06, 0x00, 0x80, 0xE1, 0x07, 0xFF, 0x80,
    0x1E, 0x06, 0x00, 0x80, 0xF2, 0x07, 0xFF, 0x80, 0x2F, 0x06, 0x00, 0x80, 0x40, 0x07, 0x99, 0x80,
    0x04, 0x04, 0x00, 0x81, 0x10, 0x54, 0x02, 0x55, 0x80, 0x14, 0x03, 0x00, 0x80, 0x41, 0x02, 0x55,
    0x81, 0x45, 0x01, 0x02, 0x00, 0x80, 0xB0, 0x03, 0xFF, 0x80, 0xBF, 0x03, 0x00, 0x80, 0xFB, 0x03,
    0xFF, 0x80, 0x0B, 0x02, 0x00, 0x80, 0xD0, 0x03, 0xFF, 0x80, 0xDF, 0x03, 0x00, 0x80, 0xFD, 0x03,
    0xFF, 0x80, 0x0D, 0x02, 0x00, 0x81, 0x30, 0x98, 0x02, 0x99, 0x80, 0x28, 0x03, 0x00, 0x80, 0x83,
    0x02, 0x99, 0x81, 0x89, 0x02, 0x02, 0x00, 0x81, 0x10, 0x54, 0x02, 0x55, 0x80, 0x14, 0x03, 0x00,
    0x80, 0x41, 0x02, 0x55, 0x81, 0x45, 0x01, 0x02, 0x00, 0x80, 0xB0, 0x03, 0xFF, 0x80, 0xBF, 0x03,
    0x00, 0x80, 0xFB, 0x03, 0xFF, 0x80, 0x0B, 0x02, 0x00, 0x80, 0xD0, 0x03, 0xFF, 0x80, 0xDF, 0x03,
    0x00, 0x80, 0xFD, 0x03, 0xFF, 0x80, 0x0D, 0x02, 0x00, 0x81, 0x30, 0x98, 0x02, 0x99, 0x80, 0x28,
    0x03, 0x00, 0x80, 0x83, 0x02, 0x99, 0x81, 0x89, 0x02, 0x3D, 0x00, 0x82, 0x00, 0x10, 0x54, 0x02,
    0x55, 0x80, 0x14, 0x03, 0x00, 0x80, 0x41, 0x02, 0x55, 0x81, 0x45, 0x01, 0x02, 0x00, 0x80, 0xB0,
    0x03, 0xFF, 0x80, 0xBF, 0x03, 0x00, 0x80, 0xFB, 0x03, 0xFF, 0x80, 0x0B, 0x02, 0x00, 0x80, 0xD0,
    0x03, 0xFF, 0x80, 0xDF, 0x03, 0x00, 0x80, 0xFD, 0x03, 0xFF, 0x80, 0x0D, 0x02, 0x00, 0x81, 0x30,
    0x98, 0x02, 0x99, 0x80, 0x28, 0x03, 0x00, 0x80, 0x83, 0x02, 0x99, 0x81, 0x89, 0x02, 0x02, 0x00,
    0x81, 0x10, 0x54, 0x02, 0x55, 0x80, 0x14, 0x03, 0x00, 0x80, 0x41, 0x02, 0x55, 0x81, 0x45, 0x01,
    0x02, 0x00, 0x80, 0xB0, 0x03, 0xFF, 0x80, 0xBF, 0x03, 0x00, 0x80, 0xFB, 0x03, 0xFF, 0x80, 0x0B,
    0x02, 0x00, 0x80, 0xD0, 0x03, 0xFF, 0x80, 0xDF, 0x03, 0x00, 0x80, 0xFD, 0x03, 0xFF, 0x80, 0x0D,
    0x02, 0x00, 0x81, 0x30, 0x98, 0x02, 0x99, 0x80, 0x28, 0x03, 0x00, 0x80, 0x83, 0x02, 0x99, 0x81,
    0x89, 0x02, 0x02, 0x00, 0x81, 0x10, 0x54, 0x02, 0x55, 0x80, 0x14, 0x03, 0x00, 0x80, 0x41, 0x02,
    0x55, 0x81, 0x45, 0x01, 0x02, 0x00, 0x80, 0xB0, 0x03, 0xFF, 0x80, 0xBF, 0x03, 0x00, 0x80, 0xFB,
    0x03, 0xFF, 0x80, 0x0B, 0x02, 0x00, 0x80, 0xD0, 0x03, 0xFF, 0x80, 0xDF, 0x03, 0x00, 0x80, 0xFD,
    0x03, 0xFF, 0x80, 0x0D, 0x02, 0x00, 0x81, 0x30, 0x98, 0x02, 0x99, 0x80, 0x28, 0x03, 0x00, 0x80,
    0x83, 0x02, 0x99, 0x81, 0x89, 0x02, 0x04, 0x00, 0x80, 0x10, 0x07, 0x55, 0x80, 0x01, 0x06, 0x00,
    0x80, 0xE1, 0x07, 0xFF, 0x80, 0x1E, 0x06, 0x00, 0x80, 0xF2, 0x07, 0xFF, 0x80, 0x2F, 0x06, 0x00,
    0x82, 0x40, 0x99, 0xB9, 0x03, 0xEE, 0x82, 0x9B, 0x99, 0x04, 0x08, 0x00, 0x80, 0xF4, 0x03, 0xFF,
    0x80, 0x4F, 0x0A, 0x00, 0x80, 0xF6, 0x03, 0xFF, 0x80, 0x6F, 0x0A, 0x00, 0x80, 0x60, 0x03, 0x99,
    0x80, 0x06, 0x0A, 0x00, 0x80, 0x30, 0x03, 0x55, 0x80, 0x03, 0x0A, 0x00, 0x80, 0xF4, 0x03, 0xFF,
    0x80, 0x4F, 0x0A, 0x00, 0x80, 0xF6, 0x03, 0xFF, 0x80, 0x6F, 0x0A, 0x00, 0x80, 0x60, 0x03, 0x99,
    0x80, 0x06, 0x0A, 0x00, 0x80, 0x30, 0x03, 0x55, 0x80, 0x03, 0x0A, 0x00, 0x80, 0xF4, 0x03, 0xFF,
    0x80, 0x4F, 0x0A, 0x00, 0x80, 0xF6, 0x03, 0xFF, 0x80, 0x6F, 0x0A, 0x00, 0x80, 0x60, 0x03, 0x99,
    0x80, 0x06, 0x41, 0x00, 0x82, 0x00, 0x10, 0x54, 0x09, 0x55, 0x81, 0x45, 0x01, 0x02, 0x00, 0x80,
    0xB0, 0x0B, 0xFF, 0x80, 0x0B, 0x02, 0x00, 0x80, 0xD0, 0x0B, 0xFF, 0x80, 0x0D, 0x02, 0x00, 0x81,
    0x30, 0x98, 0x09, 0x99, 0x81, 0x89, 0x02, 0x0A, 0x00, 0x80, 0x41, 0x02, 0x55, 0x81, 0x45, 0x01,
    0x0A, 0x00, 0x80, 0xFB, 0x03, 0xFF, 0x80, 0x0B, 0x0A, 0x00, 0x80, 0xFD, 0x03, 0xFF, 0x80, 0x0D,
    0x0A, 0x00, 0x80, 0x83, 0x02, 0x99, 0x81, 0x89, 0x02, 0x08, 0x00, 0x80, 0x40, 0x03, 0x55, 0x80,
    0x01, 0x0A, 0x00, 0x80, 0xF8, 0x03, 0xFF, 0x80, 0x1E, 0x0A, 0x00, 0x80, 0xF9, 0x03, 0xFF, 0x80,
    0x2F, 0x0A, 0x00, 0x80, 0x71, 0x03, 0x99, 0x80, 0x04, 0x08, 0x00, 0x80, 0x30, 0x03, 0x55, 0x80,
    0x03, 0x0A, 0x00, 0x80, 0xF4, 0x03, 0xFF, 0x80, 0x4F, 0x0A, 0x00, 0x80, 0xF6, 0x03, 0xFF, 0x80,
    0x6F, 0x08, 0x00, 0x86, 0x10, 0x55, 0xB5, 0xEE, 0x9D, 0x99, 0x06, 0x08, 0x00, 0x80, 0xE1, 0x03,
    0xFF, 0x80, 0x8F, 0x0A, 0x00, 0x80, 0xF2, 0x03, 0xFF, 0x80, 0x9F, 0x0A, 0x00, 0x80, 0x40, 0x03,
    0x99, 0x80, 0x17, 0x08, 0x00, 0x81, 0x10, 0x54, 0x02, 0x55, 0x80, 0x14, 0x0A, 0x00, 0x80, 0xB0,
    0x03, 0xFF, 0x80, 0xBF, 0x0A, 0x00, 0x80, 0xD0, 0x03, 0xFF, 0x80, 0xDF, 0x0A, 0x00, 0x81, 0x30,
    0x98, 0x02, 0x99, 0x80, 0x28, 0x0A, 0x00, 0x81, 0x10, 0x54, 0x09, 0x55, 0x81, 0x45, 0x01, 0x02,
    0x00, 0x80, 0xB0, 0x0B, 0xFF, 0x80, 0x0B, 0x02, 0x00, 0x80, 0xD0, 0x0B, 0xFF, 0x80, 0x0D, 0x02,
    0x00, 0x81, 0x30, 0x98, 0x09, 0x99, 0x81, 0x89, 0x02, 0x3D, 0x00, 0x03, 0x00, 0x80, 0x10, 0x07,
    0x55, 0x80, 0x01, 0x06, 0x00, 0x80, 0xE1, 0x07, 0xFF, 0x80, 0x1E, 0x06, 0x00, 0x80, 0xF2, 0x07,
    0xFF, 0x80, 0x2F, 0x06, 0x00, 0x80, 0x40, 0x07, 0x99, 0x80, 0x04, 0x06, 0x00, 0x80, 0x10, 0x03,
    0x55, 0x80, 0x04, 0x0A, 0x00, 0x80, 0xE1, 0x03, 0xFF, 0x80, 0x8F, 0x0A, 0x00, 0x80, 0xF2, 0x03,
    0xFF, 0x80, 0x9F, 0x0A, 0x00, 0x80, 0x40, 0x03, 0x99, 0x80, 0x17, 0x0A, 0x00, 0x80, 0x10, 0x03,
    0x55, 0x80, 0x04, 0x0A, 0x00, 0x80, 0xE1, 0x03, 0xFF, 0x80, 0x8F, 0x0A, 0x00, 0x80, 0xF2, 0x03,
    0xFF, 0x80, 0x9F, 0x0A, 0x00, 0x80, 0x40, 0x03, 0x99, 0x80, 0x17, 0x0A, 0x00, 0x80, 0x10, 0x03,
    0x55, 0x80, 0x04, 0x0A, 0x00, 0x80, 0xE1, 0x03, 0xFF, 0x80, 0x8F, 0x0A, 0x00, 0x80, 0xF2, 0x03,
    0xFF, 0x80, 0x9F, 0x0A, 0x00, 0x81, 0x60, 0xED, 0x02, 0xEE, 0x80, 0x1B, 0x0A, 0x00, 0x80, 0xE1,
    0x03, 0xFF, 0x80, 0x8F, 0x0A, 0x00, 0x80, 0xF2, 0x03, 0xFF, 0x80, 0x9F, 0x0A, 0x00, 0x80, 0x40,
    0x03, 0x99, 0x80, 0x17, 0x0A, 0x00, 0x80, 0x10, 0x03, 0x55, 0x80, 0x04, 0x0A, 0x00, 0x80, 0xE1,
    0x03, 0xFF, 0x80, 0x8F, 0x0A, 0x00, 0x80, 0xF2, 0x03, 0xFF, 0x80, 0x9F, 0x0A, 0x00, 0x80, 0x40,
    0x03, 0x99, 0x80, 0x17, 0x0A, 0x00, 0x80, 0x10, 0x07, 0x55, 0x80, 0x01, 0x06, 0x00, 0x80, 0xE1,
    0x07, 0xFF, 0x80, 0x1E, 0x06, 0x00, 0x80, 0xF2, 0x07, 0xFF, 0x80, 0x2F, 0x06, 0x00, 0x80, 0x40,
    0x07, 0x99, 0x80, 0x04, 0x3F, 0x00, 0x3F, 0x00, 0x81, 0x10, 0x54, 0x02, 0x55, 0x80, 0x14, 0x0B,
    0x00, 0x80, 0xFB, 0x03, 0xFF, 0x80, 0x0B, 0x0A, 0x00, 0x80, 0xD0, 0x03, 0xFF, 0x80, 0xDF, 0x0B,
    0x00, 0x80, 0x83, 0x02, 0x99, 0x81, 0x89, 0x02, 0x0C, 0x00, 0x80, 0x10, 0x03, 0x55, 0x80, 0x04,
    0x0A, 0x00, 0x81, 0x10, 0xFE, 0x03, 0xFF, 0x80, 0x08, 0x0A, 0x00, 0x80, 0xF2, 0x03, 0xFF, 0x80,
    0x9F, 0x0B, 0x00, 0x80, 0x94, 0x02, 0x99, 0x81, 0x79, 0x01, 0x0C, 0x00, 0x80, 0x30, 0x03, 0x55,
    0x80, 0x03, 0x0A, 0x00, 0x80, 0x40, 0x04, 0xFF, 0x80, 0x04, 0x0A, 0x00, 0x80, 0xF6, 0x03, 0xFF,
    0x80, 0x6F, 0x0B, 0x00, 0x85, 0x96, 0x99, 0xED, 0xBE, 0x55, 0x15, 0x0B, 0x00, 0x80, 0xF8, 0x03,
    0xFF, 0x80, 0x1E, 0x0A, 0x00, 0x80, 0x90, 0x04, 0xFF, 0x80, 0x02, 0x0A, 0x00, 0x80, 0x71, 0x03,
    0x99, 0x80, 0x04, 0x0C, 0x00, 0x81, 0x10, 0x54, 0x02, 0x55, 0x80, 0x14, 0x0B, 0x00, 0x80, 0xFB,
    0x03, 0xFF, 0x80, 0x0B, 0x0A, 0x00, 0x80, 0xD0, 0x03, 0xFF, 0x80, 0xDF, 0x0B, 0x00, 0x80, 0x83,
    0x02, 0x99, 0x81, 0x89, 0x02, 0x0C, 0x00, 0x80, 0x10, 0x03, 0x55, 0x80, 0x04, 0x0A, 0x00, 0x81,
    0x10, 0xFE, 0x03, 0xFF, 0x80, 0x08, 0x0A, 0x00, 0x80, 0xF2, 0x03, 0xFF, 0x80, 0x9F, 0x0B, 0x00,
    0x80, 0x94, 0x02, 0x99, 0x81, 0x79, 0x01, 0x3E, 0x00, 0x03, 0x00, 0x80, 0x10, 0x07, 0x55, 0x80,
    0x01, 0x06, 0x00, 0x80, 0xE1, 0x07, 0xFF, 0x80, 0x1E, 0x06, 0x00, 0x80, 0xF2, 0x07, 0xFF, 0x80,
    0x2F, 0x06, 0x00, 0x80, 0x40, 0x07, 0x99, 0x80, 0x04, 0x0A, 0x00, 0x80, 0x40, 0x03, 0x55, 0x80,
    0x01, 0x0A, 0x00, 0x80, 0xF8, 0x03, 0xFF, 0x80, 0x1E, 0x0A, 0x00, 0x80, 0xF9, 0x03, 0xFF, 0x80,
    0x2F, 0x0A, 0x00, 0x80, 0x71, 0x03, 0x99, 0x80, 0x04, 0x0A, 0x00, 0x80, 0x40, 0x03, 0x55, 0x80,
    0x01, 0x0A, 0x00, 0x80, 0xF8, 0x03, 0xFF, 0x80, 0x1E, 0x0A, 0x00, 0x80, 0xF9, 0x03, 0xFF, 0x80,
    0x2F, 0x0A, 0x00, 0x80, 0x71, 0x03, 0x99, 0x80, 0x04, 0x0A, 0x00, 0x80, 0x40, 0x03, 0x55, 0x80,
    0x01, 0x0A, 0x00, 0x80, 0xF8, 0x03, 0xFF, 0x80, 0x1E, 0x0A, 0x00, 0x80, 0xF9, 0x03, 0xFF, 0x80,
    0x2F, 0x0A, 0x00, 0x80, 0xB1, 0x02, 0xEE, 0x81, 0xDE, 0x06, 0x0A, 0x00, 0x80, 0xF8, 0x03, 0xFF,
    0x80, 0x1E, 0x0A, 0x00, 0x80, 0xF9, 0x03, 0xFF, 0x80, 0x2F, 0x0A, 0x00, 0x80, 0x71, 0x03, 0x99,
    0x80, 0x04, 0x0A, 0x00, 0x80, 0x40, 0x03, 0x55, 0x80, 0x01, 0x0A, 0x00, 0x80, 0xF8, 0x03, 0xFF,
    0x80, 0x1E, 0x0A, 0x00, 0x80, 0xF9, 0x03, 0xFF, 0x80, 0x2F, 0x0A, 0x00, 0x80, 0x71, 0x03, 0x99,
    0x80, 0x04, 0x06, 0x00, 0x80, 0x10, 0x07, 0x55, 0x80, 0x01, 0x06, 0x00, 0x80, 0xE1, 0x07, 0xFF,
    0x80, 0x1E, 0x06, 0x00, 0x80, 0xF2, 0x07, 0xFF, 0x80, 0x2F, 0x06, 0x00, 0x80, 0x40, 0x07, 0x99,
    0x80, 0x04, 0x3F, 0x00, 0x05, 0x00, 0x80, 0x30, 0x03, 0x55, 0x80, 0x03, 0x0A, 0x00, 0x80, 0xF4,
    0x03, 0xFF, 0x80, 0x4F, 0x0A, 0x00, 0x80, 0xF6, 0x03, 0xFF, 0x80, 0x6F, 0x0A, 0x00, 0x80, 0x60,
    0x03, 0x99, 0x80, 0x06, 0x08, 0x00, 0x80, 0x10, 0x07, 0x55, 0x80, 0x01, 0x06, 0x00, 0x80, 0xE1,
    0x07, 0xFF, 0x80, 0x1E, 0x06, 0x00, 0x80, 0xF2, 0x07, 0xFF, 0x80, 0x2F, 0x06, 0x00, 0x80, 0x40,
    0x07, 0x99, 0x80, 0x04, 0x04, 0x00, 0x81, 0x10, 0x54, 0x02, 0x55, 0x80, 0x14, 0x03, 0x00, 0x80,
    0x41, 0x02, 0x55, 0x81, 0x45, 0x01, 0x02, 0x00, 0x80, 0xB0, 0x03, 0xFF, 0x80, 0xBF, 0x03, 0x00,
    0x80, 0xFB, 0x03, 0xFF, 0x80, 0x0B, 0x02, 0x00, 0x80, 0xD0, 0x03, 0xFF, 0x80, 0xDF, 0x03, 0x00,
    0x80, 0xFD, 0x03, 0xFF, 0x80, 0x0D, 0x02, 0x00, 0x81, 0x30, 0x98, 0x02, 0x99, 0x80, 0x28, 0x03,
    0x00, 0x80, 0x83, 0x02, 0x99, 0x81, 0x89, 0x02, 0x7F, 0x00, 0x7F, 0x00, 0x20, 0x00, 0x7F, 0x00,
    0x7F, 0x00, 0x7F, 0x00, 0x19, 0x00, 0x81, 0x10, 0x54, 0x09, 0x55, 0x81, 0x45, 0x01, 0x02, 0x00,
    0x80, 0xB0, 0x0B, 0xFF, 0x80, 0x0B, 0x02, 0x00, 0x80, 0xD0, 0x0B, 0xFF, 0x80, 0x0D, 0x02, 0x00,
    0x81, 0x30, 0x98, 0x09, 0x99, 0x82, 0x89, 0x02, 0x00, 0x03, 0x00, 0x80, 0x10, 0x03, 0x55, 0x80,
    0x04, 0x0A, 0x00, 0x80, 0xE1, 0x03, 0xFF, 0x80, 0x8F, 0x0A, 0x00, 0x80, 0xF2, 0x03, 0xFF, 0x80,
    0x9F, 0x0A, 0x00, 0x80, 0x40, 0x03, 0x99, 0x80, 0x17, 0x0C, 0x00, 0x80, 0x30, 0x03, 0x55, 0x80,
    0x03, 0x0A, 0x00, 0x80, 0xF4, 0x03, 0xFF, 0x80, 0x4F, 0x0A, 0x00, 0x80, 0xF6, 0x03, 0xFF, 0x80,
    0x6F, 0x0A, 0x00, 0x80, 0x60, 0x03, 0x99, 0x80, 0x06, 0x7F, 0x00, 0x7F, 0x00, 0x60, 0x00, 0x7B,
    0x00, 0x80, 0x10, 0x07, 0x55, 0x80, 0x01, 0x06, 0x00, 0x80, 0xE1, 0x07, 0xFF, 0x80, 0x1E, 0x06,
    0x00, 0x80, 0xF2, 0x07, 0xFF, 0x80, 0x2F, 0x06, 0x00, 0x80, 0x40, 0x07, 0x99, 0x80, 0x04, 0x0C,
    0x00, 0x80, 0x41, 0x02, 0x55, 0x81, 0x45, 0x01, 0x0A, 0x00, 0x80, 0xFB, 0x03, 0xFF, 0x80, 0x0B,
    0x0A, 0x00, 0x80, 0xFD, 0x03, 0xFF, 0x80, 0x0D, 0x04, 0x00, 0x80, 0x10, 0x05, 0x55, 0x80, 0xD8,
    0x02, 0xEE, 0x81, 0xDE, 0x03, 0x04, 0x00, 0x80, 0xE1, 0x09, 0xFF, 0x80, 0x0B, 0x04, 0x00, 0x80,
    0xF2, 0x09, 0xFF, 0x80, 0x0D, 0x04, 0x00, 0x80, 0x40, 0x08, 0x99, 0x81, 0x89, 0x02, 0x02, 0x00,
    0x81, 0x10, 0x54, 0x02, 0x55, 0x80, 0x14, 0x03, 0x00, 0x80, 0x41, 0x02, 0x55, 0x81, 0x45, 0x01,
    0x02, 0x00, 0x80, 0xB0, 0x03, 0xFF, 0x80, 0xBF, 0x03, 0x00, 0x80, 0xFB, 0x03, 0xFF, 0x80, 0x0B,
    0x02, 0x00, 0x80, 0xD0, 0x03, 0xFF, 0x80, 0xDF, 0x03, 0x00, 0x80, 0xFD, 0x03, 0xFF, 0x80, 0x0D,
    0x02, 0x00, 0x81, 0x30, 0x98, 0x02, 0x99, 0x80, 0x28, 0x03, 0x00, 0x80, 0x83, 0x02, 0x99, 0x81,
    0x89, 0x02, 0x04, 0x00, 0x80, 0x10, 0x08, 0x55, 0x81, 0x45, 0x01, 0x04, 0x00, 0x80, 0xE1, 0x09,
    0xFF, 0x80, 0x0B, 0x04, 0x00, 0x80, 0xF2, 0x09, 0xFF, 0x80, 0x0D, 0x04, 0x00, 0x80, 0x40, 0x08,
    0x99, 0x81, 0x89, 0x02, 0x3D, 0x00, 0x3D, 0x00, 0x81, 0x10, 0x54, 0x02, 0x55, 0x80, 0x14, 0x0A,
    0x00, 0x80, 0xB0, 0x03, 0xFF, 0x80, 0xBF, 0x0A, 0x00, 0x80, 0xD0, 0x03, 0xFF, 0x80, 0xDF, 0x0A,
    0x00, 0x81, 0x30, 0x98, 0x02, 0x99, 0x80, 0x28, 0x0A, 0x00, 0x81, 0x10, 0x54, 0x02, 0x55, 0x80,
    0x14, 0x0A, 0x00, 0x80, 0xB0, 0x03, 0xFF, 0x80, 0xBF, 0x0A, 0x00, 0x80, 0xD0, 0x03, 0xFF, 0x80,
    0xDF, 0x0A, 0x00, 0x81, 0x30, 0x98, 0x02, 0x99, 0x80, 0x28, 0x0A, 0x00, 0x81, 0x10, 0x54, 0x08,
    0x55, 0x80, 0x01, 0x04, 0x00, 0x80, 0xB0, 0x09, 0xFF, 0x80, 0x1E, 0x04, 0x00, 0x80, 0xD0, 0x09,
    0xFF, 0x80, 0x2F, 0x04, 0x00, 0x81, 0x30, 0xED, 0x02, 0xEE, 0x80, 0x9D, 0x03, 0x99, 0x84, 0xD9,
    0xEE, 0x5A, 0x45, 0x01, 0x02, 0x00, 0x80, 0xB0, 0x03, 0xFF, 0x80, 0xBF, 0x03, 0x00, 0x80, 0xFB,
    0x03, 0xFF, 0x80, 0x0B, 0x02, 0x00, 0x80, 0xD0, 0x03, 0xFF, 0x80, 0xDF, 0x03, 0x00, 0x80, 0xFD,
    0x03, 0xFF, 0x80, 0x0D, 0x02, 0x00, 0x81, 0x30, 0x98, 0x02, 0x99, 0x80, 0x28, 0x03, 0x00, 0x80,
    0x83, 0x02, 0x99, 0x81, 0x89, 0x02, 0x02, 0x00, 0x81, 0x10, 0x54, 0x02, 0x55, 0x80, 0x14, 0x03,
    0x00, 0x80, 0x41, 0x02, 0x55, 0x81, 0x45, 0x01, 0x02, 0x00, 0x80, 0xB0, 0x03, 0xFF, 0x80, 0xBF,
    0x03, 0x00, 0x80, 0xFB, 0x03, 0xFF, 0x80, 0x0B, 0x02, 0x00, 0x80, 0xD0, 0x03, 0xFF, 0x80, 0xDF,
    0x03, 0x00, 0x80, 0xFD, 0x03, 0xFF, 0x80, 0x0D, 0x02, 0x00, 0x81, 0x30, 0x98, 0x02, 0x99, 0x80,
    0x28, 0x03, 0x00, 0x80, 0x83, 0x02, 0x99, 0x81, 0x89, 0x02, 0x02, 0x00, 0x81, 0x10, 0x54, 0x08,
    0x55, 0x80, 0x01, 0x04, 0x00, 0x80, 0xB0, 0x09, 0xFF, 0x80, 0x1E, 0x04, 0x00, 0x80, 0xD0, 0x09,
    0xFF, 0x80, 0x2F, 0x04, 0x00, 0x81, 0x30, 0x98, 0x08, 0x99, 0x80, 0x04, 0x3F, 0x00, 0x7B, 0x00,
    0x80, 0x10, 0x07, 0x55, 0x80, 0x01, 0x06, 0x00, 0x80, 0xE1, 0x07, 0xFF, 0x80, 0x1E, 0x06, 0x00,
    0x80, 0xF2, 0x07, 0xFF, 0x80, 0x2F, 0x06, 0x00, 0x80, 0x40, 0x07, 0x99, 0x80, 0x04, 0x04, 0x00,
    0x81, 0x10, 0x54, 0x02, 0x55, 0x80, 0x14, 0x0A, 0x00, 0x80, 0xB0, 0x03, 0xFF, 0x80, 0xBF, 0x0A,
    0x00, 0x80, 0xD0, 0x03, 0xFF, 0x80, 0xDF, 0x0A, 0x00, 0x81, 0x30, 0xED, 0x02, 0xEE, 0x80, 0x3D,
    0x0A, 0x00, 0x80, 0xB0, 0x03, 0xFF, 0x80, 0xBF, 0x0A, 0x00, 0x80, 0xD0, 0x03, 0xFF, 0x80, 0xDF,
    0x0A, 0x00, 0x81, 0x30, 0x98, 0x02, 0x99, 0x80, 0x28, 0x0A, 0x00, 0x81, 0x10, 0x54, 0x02, 0x55,
    0x80, 0x14, 0x0A, 0x00, 0x80, 0xB0, 0x03, 0xFF, 0x80, 0xBF, 0x0A, 0x00, 0x80, 0xD0, 0x03, 0xFF,
    0x80, 0xDF, 0x0A, 0x00, 0x81, 0x30, 0x98, 0x02, 0x99, 0x80, 0x28, 0x0C, 0x00, 0x80, 0x10, 0x07,
    0x55, 0x80, 0x01, 0x06, 0x00, 0x80, 0xE1, 0x07, 0xFF, 0x80, 0x1E, 0x06, 0x00, 0x80, 0xF2, 0x07,
    0xFF, 0x80, 0x2F, 0x06, 0x00, 0x80, 0x40, 0x07, 0x99, 0x80, 0x04, 0x3F, 0x00, 0x45, 0x00, 0x80,
    0x41, 0x02, 0x55, 0x81, 0x45, 0x01, 0x0A, 0x00, 0x80, 0xFB, 0x03, 0xFF, 0x80, 0x0B, 0x0A, 0x00,
    0x80, 0xFD, 0x03, 0xFF, 0x80, 0x0D, 0x0A, 0x00, 0x80, 0x83, 0x02, 0x99, 0x81, 0x89, 0x02, 0x0A,
    0x00, 0x80, 0x41, 0x02, 0x55, 0x81, 0x45, 0x01, 0x0A, 0x00, 0x80, 0xFB, 0x03, 0xFF, 0x80, 0x0B,
    0x0A, 0x00, 0x80, 0xFD, 0x03, 0xFF, 0x80, 0x0D, 0x0A, 0x00, 0x80, 0x83, 0x02, 0x99, 0x81, 0x89,
    0x02, 0x04, 0x00, 0x80, 0x10, 0x08, 0x55, 0x81, 0x45, 0x01, 0x04, 0x00, 0x80, 0xE1, 0x09, 0xFF,
    0x80, 0x0B, 0x04, 0x00, 0x80, 0xF2, 0x09, 0xFF, 0x80, 0x0D, 0x02, 0x00, 0x84, 0x10, 0x54, 0xA5,
    0xEE, 0x9D, 0x03, 0x99, 0x80, 0xD9, 0x02, 0xEE, 0x81, 0xDE, 0x03, 0x02, 0x00, 0x80, 0xB0, 0x03,
    0xFF, 0x80, 0xBF, 0x03, 0x00, 0x80, 0xFB, 0x03, 0xFF, 0x80, 0x0B, 0x02, 0x00, 0x80, 0xD0, 0x03,
    0xFF, 0x80, 0xDF, 0x03, 0x00, 0x80, 0xFD, 0x03, 0xFF, 0x80, 0x0D, 0x02, 0x00, 0x81, 0x30, 0x98,
    0x02, 0x99, 0x80, 0x28, 0x03, 0x00, 0x80, 0x83, 0x02, 0x99, 0x81, 0x89, 0x02, 0x02, 0x00, 0x81,
    0x10, 0x54, 0x02, 0x55, 0x80, 0x14, 0x03, 0x00, 0x80, 0x41, 0x02, 0x55, 0x81, 0x45, 0x01, 0x02,
    0x00, 0x80, 0xB0, 0x03, 0xFF, 0x80, 0xBF, 0x03, 0x00, 0x80, 0xFB, 0x03, 0xFF, 0x80, 0x0B, 0x02,
    0x00, 0x80, 0xD0, 0x03, 0xFF, 0x80, 0xDF, 0x03, 0x00, 0x80, 0xFD, 0x03, 0xFF, 0x80, 0x0D, 0x02,
    0x00, 0x81, 0x30, 0x98, 0x02, 0x99, 0x80, 0x28, 0x03, 0x00, 0x80, 0x83, 0x02, 0x99, 0x81, 0x89,
    0x02, 0x04, 0x00, 0x80, 0x10, 0x08, 0x55, 0x81, 0x45, 0x01, 0x04, 0x00, 0x80, 0xE1, 0x09, 0xFF,
    0x80, 0x0B, 0x04, 0x00, 0x80, 0xF2, 0x09, 0xFF, 0x80, 0x0D, 0x04, 0x00, 0x80, 0x40, 0x08, 0x99,
    0x81, 0x89, 0x02, 0x3D, 0x00, 0x7B, 0x00, 0x80, 0x10, 0x07, 0x55, 0x80, 0x01, 0x06, 0x00, 0x80,
    0xE1, 0x07, 0xFF, 0x80, 0x1E, 0x06, 0x00, 0x80, 0xF2, 0x07, 0xFF, 0x80, 0x2F, 0x06, 0x00, 0x80,
    0x40, 0x07, 0x99, 0x80, 0x04, 0x04, 0x00, 0x81, 0x10, 0x54, 0x02, 0x55, 0x80, 0x14, 0x03, 0x00,
    0x80, 0x41, 0x02, 0x55, 0x81, 0x45, 0x01, 0x02, 0x00, 0x80, 0xB0, 0x03, 0xFF, 0x80, 0xBF, 0x03,
    0x00, 0x80, 0xFB, 0x03, 0xFF, 0x80, 0x0B, 0x02, 0x00, 0x80, 0xD0, 0x03, 0xFF, 0x80, 0xDF, 0x03,
    0x00, 0x80, 0xFD, 0x03, 0xFF, 0x80, 0x0D, 0x02, 0x00, 0x81, 0x30, 0xED, 0x02, 0xEE, 0x80, 0x8D,
    0x03, 0x55, 0x80, 0xD8, 0x02, 0xEE, 0x81, 0xDE, 0x03, 0x02, 0x00, 0x80, 0xB0, 0x0B, 0xFF, 0x80,
    0x0B, 0x02, 0x00, 0x80, 0xD0, 0x0B, 0xFF, 0x80, 0x0D, 0x02, 0x00, 0x81, 0x30, 0x98, 0x09, 0x99,
    0x81, 0x89, 0x02, 0x02, 0x00, 0x81, 0x10, 0x54, 0x02, 0x55, 0x80, 0x14, 0x0A, 0x00, 0x80, 0xB0,
    0x03, 0xFF, 0x80, 0xBF, 0x0A, 0x00, 0x80, 0xD0, 0x03, 0xFF, 0x80, 0xDF, 0x0A, 0x00, 0x81, 0x30,
    0x98, 0x02, 0x99, 0x80, 0x28, 0x0C, 0x00, 0x80, 0x10, 0x07, 0x55, 0x80, 0x01, 0x06, 0x00, 0x80,
    0xE1, 0x07, 0xFF, 0x80, 0x1E, 0x06, 0x00, 0x80, 0xF2, 0x07, 0xFF, 0x80, 0x2F, 0x06, 0x00, 0x80,
    0x40, 0x07, 0x99, 0x80, 0x04, 0x3F, 0x00, 0x43, 0x00, 0x80, 0x40, 0x04, 0x55, 0x81, 0x45, 0x01,
    0x08, 0x00, 0x80, 0xF8, 0x05, 0xFF, 0x80, 0x0B, 0x08, 0x00, 0x80, 0xF9, 0x05, 0xFF, 0x80, 0x0D,
    0x08, 0x00, 0x80, 0x71, 0x04, 0x99, 0x81, 0x89, 0x02, 0x06, 0x00, 0x80, 0x30, 0x03, 0x55, 0x80,
    0x03, 0x0A, 0x00, 0x80, 0xF4, 0x03, 0xFF, 0x80, 0x4F, 0x0A, 0x00, 0x80, 0xF6, 0x03, 0xFF, 0x80,
    0x6F, 0x0A, 0x00, 0x80, 0x60, 0x03, 0x99, 0x80, 0x06, 0x08, 0x00, 0x80, 0x10, 0x08, 0x55, 0x81,
    0x45, 0x01, 0x04, 0x00, 0x80, 0xE1, 0x09, 0xFF, 0x80, 0x0B, 0x04, 0x00, 0x80, 0xF2, 0x09, 0xFF,
    0x80, 0x0D, 0x04, 0x00, 0x82, 0x40, 0x99, 0xB9, 0x03, 0xEE, 0x80, 0x9B, 0x02, 0x99, 0x81, 0x89,
    0x02, 0x06, 0x00, 0x80, 0xF4, 0x03, 0xFF, 0x80, 0x4F, 0x0A, 0x00, 0x80, 0xF6, 0x03, 0xFF, 0x80,
    0x6F, 0x0A, 0x00, 0x80, 0x60, 0x03, 0x99, 0x80, 0x06, 0x0A, 0x00, 0x80, 0x30, 0x03, 0x55, 0x80,
    0x03, 0x0A, 0x00, 0x80, 0xF4, 0x03, 0xFF, 0x80, 0x4F, 0x0A, 0x00, 0x80, 0xF6, 0x03, 0xFF, 0x80,
    0x6F, 0x0A, 0x00, 0x80, 0x60, 0x03, 0x99, 0x80, 0x06, 0x0A, 0x00, 0x80, 0x30, 0x03, 0x55, 0x80,
    0x03, 0x0A, 0x00, 0x80, 0xF4, 0x03, 0xFF, 0x80, 0x4F, 0x0A, 0x00, 0x80, 0xF6, 0x03, 0xFF, 0x80,
    0x6F, 0x0A, 0x00, 0x80, 0x60, 0x03, 0x99, 0x80, 0x06, 0x41, 0x00, 0x7B, 0x00, 0x80, 0x10, 0x08,
    0x55, 0x81, 0x45, 0x01, 0x04, 0x00, 0x80, 0xE1, 0x09, 0xFF, 0x80, 0x0B, 0x04, 0x00, 0x80, 0xF2,
    0x09, 0xFF, 0x80, 0x0D, 0x04, 0x00, 0x80, 0x40, 0x08, 0x99, 0x81, 0x89, 0x02, 0x02, 0x00, 0x81,
    0x10, 0x54, 0x02, 0x55, 0x80, 0x14, 0x03, 0x00, 0x80, 0x41, 0x02, 0x55, 0x81, 0x45, 0x01, 0x02,
    0x00, 0x80, 0xB0, 0x03, 0xFF, 0x80, 0xBF, 0x03, 0x00, 0x80, 0xFB, 0x03, 0xFF, 0x80, 0x0B, 0x02,
    0x00, 0x80, 0xD0, 0x03, 0xFF, 0x80, 0xDF, 0x03, 0x00, 0x80, 0xFD, 0x03, 0xFF, 0x80, 0x0D, 0x02,
    0x00, 0x81, 0x30, 0xED, 0x02, 0xEE, 0x80, 0x3D, 0x03, 0x00, 0x80, 0xD3, 0x02, 0xEE, 0x81, 0xDE,
    0x03, 0x02, 0x00, 0x80, 0xB0, 0x03, 0xFF, 0x80, 0xBF, 0x03, 0x00, 0x80, 0xFB, 0x03, 0xFF, 0x80,
    0x0B, 0x02, 0x00, 0x80, 0xD0, 0x03, 0xFF, 0x80, 0xDF, 0x03, 0x00, 0x80, 0xFD, 0x03, 0xFF, 0x80,
    0x0D, 0x02, 0x00, 0x81, 0x30, 0x98, 0x02, 0x99, 0x80, 0x28, 0x03, 0x00, 0x80, 0x83, 0x02, 0x99,
    0x81, 0x89, 0x02, 0x04, 0x00, 0x80, 0x10, 0x08, 0x55, 0x81, 0x45, 0x01, 0x04, 0x00, 0x80, 0xE1,
    0x09, 0xFF, 0x80, 0x0B, 0x04, 0x00, 0x80, 0xF2, 0x09, 0xFF, 0x80, 0x0D, 0x04, 0x00, 0x80, 0x40,
    0x08, 0x99, 0x81, 0x89, 0x02, 0x0A, 0x00, 0x80, 0x41, 0x02, 0x55, 0x81, 0x45, 0x01, 0x0A, 0x00,
    0x80, 0xFB, 0x03, 0xFF, 0x80, 0x0B, 0x0A, 0x00, 0x80, 0xFD, 0x03, 0xFF, 0x80, 0x0D, 0x0A, 0x00,
    0x80, 0x83, 0x02, 0x99, 0x81, 0x89, 0x02, 0x02, 0x00, 0x81, 0x10, 0x54, 0x08, 0x55, 0x80, 0x01,
    0x04, 0x00, 0x80, 0xB0, 0x09, 0xFF, 0x80, 0x1E, 0x04, 0x00, 0x80, 0xD0, 0x09, 0xFF, 0x80, 0x2F,
    0x04, 0x00, 0x81, 0x30, 0x98, 0x08, 0x99, 0x80, 0x04, 0x03, 0x00, 0x3D, 0x00, 0x81, 0x10, 0x54,
    0x02, 0x55, 0x80, 0x14, 0x0A, 0x00, 0x80, 0xB0, 0x03, 0xFF, 0x80, 0xBF, 0x0A, 0x00, 0x80, 0xD0,
    0x03, 0xFF, 0x80, 0xDF, 0x0A, 0x00, 0x81, 0x30, 0x98, 0x02, 0x99, 0x80, 0x28, 0x0A, 0x00, 0x81,
    0x10, 0x54, 0x02, 0x55, 0x80, 0x14, 0x0A, 0x00, 0x80, 0xB0, 0x03, 0xFF, 0x80, 0xBF, 0x0A, 0x00,
    0x80, 0xD0, 0x03, 0xFF, 0x80, 0xDF, 0x0A, 0x00, 0x81, 0x30, 0x98, 0x02, 0x99, 0x80, 0x28, 0x0A,
    0x00, 0x81, 0x10, 0x54, 0x08, 0x55, 0x80, 0x01, 0x04, 0x00, 0x80, 0xB0, 0x09, 0xFF, 0x80, 0x1E,
    0x04, 0x00, 0x80, 0xD0, 0x09, 0xFF, 0x80, 0x2F, 0x04, 0x00, 0x81, 0x30, 0xED, 0x02, 0xEE, 0x80,
    0x9D, 0x03, 0x99, 0x84, 0xD9, 0xEE, 0x5A, 0x45, 0x01, 0x02, 0x00, 0x80, 0xB0, 0x03, 0xFF, 0x80,
    0xBF, 0x03, 0x00, 0x80, 0xFB, 0x03, 0xFF, 0x80, 0x0B, 0x02, 0x00, 0x80, 0xD0, 0x03, 0xFF, 0x80,
    0xDF, 0x03, 0x00, 0x80, 0xFD, 0x03, 0xFF, 0x80, 0x0D, 0x02, 0x00, 0x81, 0x30, 0x98, 0x02, 0x99,
    0x80, 0x28, 0x03, 0x00, 0x80, 0x83, 0x02, 0x99, 0x81, 0x89, 0x02, 0x02, 0x00, 0x81, 0x10, 0x54,
    0x02, 0x55, 0x80, 0x14, 0x03, 0x00, 0x80, 0x41, 0x02, 0x55, 0x81, 0x45, 0x01, 0x02, 0x00, 0x80,
    0xB0, 0x03, 0xFF, 0x80, 0xBF, 0x03, 0x00, 0x80, 0xFB, 0x03, 0xFF, 0x80, 0x0B, 0x02, 0x00, 0x80,
    0xD0, 0x03, 0xFF, 0x80, 0xDF, 0x03, 0x00, 0x80, 0xFD, 0x03, 0xFF, 0x80, 0x0D, 0x02, 0x00, 0x81,
    0x30, 0x98, 0x02, 0x99, 0x80, 0x28, 0x03, 0x00, 0x80, 0x83, 0x02, 0x99, 0x81, 0x89, 0x02, 0x02,
    0x00, 0x81, 0x10, 0x54, 0x02, 0x55, 0x80, 0x14, 0x03, 0x00, 0x80, 0x41, 0x02, 0x55, 0x81, 0x45,
    0x01, 0x02, 0x00, 0x80, 0xB0, 0x03, 0xFF, 0x80, 0xBF, 0x03, 0x00, 0x80, 0xFB, 0x03, 0xFF, 0x80,
    0x0B, 0x02, 0x00, 0x80, 0xD0, 0x03, 0xFF, 0x80, 0xDF, 0x03, 0x00, 0x80, 0xFD, 0x03, 0xFF, 0x80,
    0x0D, 0x02, 0x00, 0x81, 0x30, 0x98, 0x02, 0x99, 0x80, 0x28, 0x03, 0x00, 0x80, 0x83, 0x02, 0x99,
    0x81, 0x89, 0x02, 0x3D, 0x00, 0x41, 0x00, 0x80, 0x30, 0x03, 0x55, 0x80, 0x03, 0x0A, 0x00, 0x80,
    0xF4, 0x03, 0xFF, 0x80, 0x4F, 0x0A, 0x00, 0x80, 0xF6, 0x03, 0xFF, 0x80, 0x6F, 0x0A, 0x00, 0x80,
    0x60, 0x03, 0x99, 0x80, 0x06, 0x44, 0x00, 0x80, 0x10, 0x05, 0x55, 0x80, 0x03, 0x08, 0x00, 0x80,
    0xE1, 0x05, 0xFF, 0x80, 0x4F, 0x08, 0x00, 0x80, 0xF2, 0x05, 0xFF, 0x80, 0x6F, 0x08, 0x00, 0x82,
    0x40, 0x99, 0xB9, 0x03, 0xEE, 0x80, 0x09, 0x0A, 0x00, 0x80, 0xF4, 0x03, 0xFF, 0x80, 0x4F, 0x0A,
    0x00, 0x80, 0xF6, 0x03, 0xFF, 0x80, 0x6F, 0x0A, 0x00, 0x80, 0x60, 0x03, 0x99, 0x80, 0x06, 0x0A,
    0x00, 0x80, 0x30, 0x03, 0x55, 0x80, 0x03, 0x0A, 0x00, 0x80, 0xF4, 0x03, 0xFF, 0x80, 0x4F, 0x0A,
    0x00, 0x80, 0xF6, 0x03, 0xFF, 0x80, 0x6F, 0x0A, 0x00, 0x80, 0x60, 0x03, 0x99, 0x80, 0x06, 0x08,
    0x00, 0x80, 0x10, 0x07, 0x55, 0x80, 0x01, 0x06, 0x00, 0x80, 0xE1, 0x07, 0xFF, 0x80, 0x1E, 0x06,
    0x00, 0x80, 0xF2, 0x07, 0xFF, 0x80, 0x2F, 0x06, 0x00, 0x80, 0x40, 0x07, 0x99, 0x80, 0x04, 0x3F,
    0x00, 0x45, 0x00, 0x80, 0x41, 0x02, 0x55, 0x81, 0x45, 0x01, 0x0A, 0x00, 0x80, 0xFB, 0x03, 0xFF,
    0x80, 0x0B, 0x0A, 0x00, 0x80, 0xFD, 0x03, 0xFF, 0x80, 0x0D, 0x0A, 0x00, 0x80, 0x83, 0x02, 0x99,
    0x81, 0x89, 0x02, 0x46, 0x00, 0x80, 0x41, 0x02, 0x55, 0x81, 0x45, 0x01, 0x0A, 0x00, 0x80, 0xFB,
    0x03, 0xFF, 0x80, 0x0B, 0x0A, 0x00, 0x80, 0xFD, 0x03, 0xFF, 0x80, 0x0D, 0x0A, 0x00, 0x80, 0xD3,
    0x02, 0xEE, 0x81, 0xDE, 0x03, 0x0A, 0x00, 0x80, 0xFB, 0x03, 0xFF, 0x80, 0x0B, 0x0A, 0x00, 0x80,
    0xFD, 0x03, 0xFF, 0x80, 0x0D, 0x0A, 0x00, 0x80, 0x83, 0x02, 0x99, 0x81, 0x89, 0x02, 0x0A, 0x00,
    0x80, 0x41, 0x02, 0x55, 0x81, 0x45, 0x01, 0x0A, 0x00, 0x80, 0xFB, 0x03, 0xFF, 0x80, 0x0B, 0x0A,
    0x00, 0x80, 0xFD, 0x03, 0xFF, 0x80, 0x0D, 0x0A, 0x00, 0x80, 0x83, 0x02, 0x99, 0x81, 0x89, 0x02,
    0x0A, 0x00, 0x80, 0x41, 0x02, 0x55, 0x81, 0x45, 0x01, 0x0A, 0x00, 0x80, 0xFB, 0x03, 0xFF, 0x80,
    0x0B, 0x0A, 0x00, 0x80, 0xFD, 0x03, 0xFF, 0x80, 0x0D, 0x0A, 0x00, 0x80, 0x83, 0x02, 0x99, 0x81,
    0x89, 0x02, 0x04, 0x00, 0x80, 0x10, 0x07, 0x55, 0x80, 0x01, 0x06, 0x00, 0x80, 0xE1, 0x07, 0xFF,
    0x80, 0x1E, 0x06, 0x00, 0x80, 0xF2, 0x07, 0xFF, 0x80, 0x2F, 0x06, 0x00, 0x80, 0x40, 0x07, 0x99,
    0x80, 0x04, 0x03, 0x00, 0x3D, 0x00, 0x81, 0x10, 0x54, 0x02, 0x55, 0x80, 0x14, 0x0A, 0x00, 0x80,
    0xB0, 0x03, 0xFF, 0x80, 0xBF, 0x0A, 0x00, 0x80, 0xD0, 0x03, 0xFF, 0x80, 0xDF, 0x0A, 0x00, 0x81,
    0x30, 0x98, 0x02, 0x99, 0x80, 0x28, 0x0A, 0x00, 0x81, 0x10, 0x54, 0x02, 0x55, 0x80, 0x14, 0x0A,
    0x00, 0x80, 0xB0, 0x03, 0xFF, 0x80, 0xBF, 0x0A, 0x00, 0x80, 0xD0, 0x03, 0xFF, 0x80, 0xDF, 0x0A,
    0x00, 0x81, 0x30, 0x98, 0x02, 0x99, 0x80, 0x28, 0x0A, 0x00, 0x81, 0x10, 0x54, 0x02, 0x55, 0x82,
    0x14, 0x00, 0x40, 0x03, 0x55, 0x80, 0x01, 0x04, 0x00, 0x80, 0xB0, 0x03, 0xFF, 0x82, 0xBF, 0x00,
    0xF8, 0x03, 0xFF, 0x80, 0x1E, 0x04, 0x00, 0x80, 0xD0, 0x03, 0xFF, 0x82, 0xDF, 0x00, 0xF9, 0x03,
    0xFF, 0x80, 0x2F, 0x04, 0x00, 0x81, 0x30, 0xED, 0x02, 0xEE, 0x86, 0x8D, 0x55, 0xD6, 0xEE, 0x9B,
    0x99, 0x04, 0x04, 0x00, 0x80, 0xB0, 0x07, 0xFF, 0x80, 0x4F, 0x06, 0x00, 0x80, 0xD0, 0x07, 0xFF,
    0x80, 0x6F, 0x06, 0x00, 0x81, 0x30, 0x98, 0x06, 0x99, 0x80, 0x06, 0x06, 0x00, 0x81, 0x10, 0x54,
    0x02, 0x55, 0x82, 0x14, 0x00, 0x40, 0x03, 0x55, 0x80, 0x01, 0x04, 0x00, 0x80, 0xB0, 0x03, 0xFF,
    0x82, 0xBF, 0x00, 0xF8, 0x03, 0xFF, 0x80, 0x1E, 0x04, 0x00, 0x80, 0xD0, 0x03, 0xFF, 0x82, 0xDF,
    0x00, 0xF9, 0x03, 0xFF, 0x80, 0x2F, 0x04, 0x00, 0x81, 0x30, 0x98, 0x02, 0x99, 0x82, 0x28, 0x00,
    0x71, 0x03, 0x99, 0x80, 0x04, 0x04, 0x00, 0x81, 0x10, 0x54, 0x02, 0x55, 0x80, 0x14, 0x03, 0x00,
    0x80, 0x41, 0x02, 0x55, 0x81, 0x45, 0x01, 0x02, 0x00, 0x80, 0xB0, 0x03, 0xFF, 0x80, 0xBF, 0x03,
    0x00, 0x80, 0xFB, 0x03, 0xFF, 0x80, 0x0B, 0x02, 0x00, 0x80, 0xD0, 0x03, 0xFF, 0x80, 0xDF, 0x03,
    0x00, 0x80, 0xFD, 0x03, 0xFF, 0x80, 0x0D, 0x02, 0x00, 0x81, 0x30, 0x98, 0x02, 0x99, 0x80, 0x28,
    0x03, 0x00, 0x80, 0x83, 0x02, 0x99, 0x81, 0x89, 0x02, 0x3D, 0x00, 0x3F, 0x00, 0x80, 0x10, 0x05,
    0x55, 0x80, 0x03, 0x08, 0x00, 0x80, 0xE1, 0x05, 0xFF, 0x80, 0x4F, 0x08, 0x00, 0x80, 0xF2, 0x05,
    0xFF, 0x80, 0x6F, 0x08, 0x00, 0x80, 0x40, 0x05, 0x99, 0x80, 0x06, 0x0A, 0x00, 0x80, 0x30, 0x03,
    0x55, 0x80, 0x03, 0x0A, 0x00, 0x80, 0xF4, 0x03, 0xFF, 0x80, 0x4F, 0x0A, 0x00, 0x80, 0xF6, 0x03,
    0xFF, 0x80, 0x6F, 0x0A, 0x00, 0x80, 0x60, 0x03, 0x99, 0x80, 0x06, 0x0A, 0x00, 0x80, 0x30, 0x03,
    0x55, 0x80, 0x03, 0x0A, 0x00, 0x80, 0xF4, 0x03, 0xFF, 0x80, 0x4F, 0x0A, 0x00, 0x80, 0xF6, 0x03,
    0xFF, 0x80, 0x6F, 0x0A, 0x00, 0x80, 0x90, 0x03, 0xEE, 0x80, 0x09, 0x0A, 0x00, 0x80, 0xF4, 0x03,
    0xFF, 0x80, 0x4F, 0x0A, 0x00, 0x80, 0xF6, 0x03, 0xFF, 0x80, 0x6F, 0x0A, 0x00, 0x80, 0x60, 0x03,
    0x99, 0x80, 0x06, 0x0A, 0x00, 0x80, 0x30, 0x03, 0x55, 0x80, 0x03, 0x0A, 0x00, 0x80, 0xF4, 0x03,
    0xFF, 0x80, 0x4F, 0x0A, 0x00, 0x80, 0xF6, 0x03, 0xFF, 0x80, 0x6F, 0x0A, 0x00, 0x80, 0x60, 0x03,
    0x99, 0x80, 0x06, 0x08, 0x00, 0x80, 0x10, 0x07, 0x55, 0x80, 0x01, 0x06, 0x00, 0x80, 0xE1, 0x07,
    0xFF, 0x80, 0x1E, 0x06, 0x00, 0x80, 0xF2, 0x07, 0xFF, 0x80, 0x2F, 0x06, 0x00, 0x80, 0x40, 0x07,
    0x99, 0x80, 0x04, 0x3F, 0x00, 0x7D, 0x00, 0x81, 0x10, 0x54, 0x02, 0x55, 0x80, 0x14, 0x03, 0x00,
    0x80, 0x41, 0x02, 0x55, 0x81, 0x45, 0x01, 0x03, 0x00, 0x80, 0xFB, 0x03, 0xFF, 0x80, 0x0B, 0x02,
    0x00, 0x80, 0xB0, 0x03, 0xFF, 0x80, 0xBF, 0x03, 0x00, 0x80, 0xD0, 0x03, 0xFF, 0x80, 0xDF, 0x03,
    0x00, 0x80, 0xFD, 0x03, 0xFF, 0x80, 0x0D, 0x03, 0x00, 0x80, 0x83, 0x02, 0x99, 0x81, 0x89, 0x02,
    0x02, 0x00, 0x81, 0x30, 0x98, 0x02, 0x99, 0x80, 0x28, 0x03, 0x00, 0x81, 0x10, 0x54, 0x0B, 0x55,
    0x80, 0x45, 0x02, 0x00, 0x80, 0xFB, 0x0C, 0xFF, 0x82, 0x8F, 0x00, 0xD0, 0x0D, 0xFF, 0x82, 0x09,
    0x00, 0xD3, 0x0C, 0xEE, 0x82, 0x1B, 0x00, 0xB0, 0x0D, 0xFF, 0x82, 0x08, 0x00, 0xFD, 0x0C, 0xFF,
    0x83, 0x9F, 0x00, 0x30, 0x98, 0x0B, 0x99, 0x83, 0x79, 0x01, 0x00, 0x41, 0x02, 0x55, 0x86, 0x45,
    0x01, 0x00, 0x54, 0x35, 0x00, 0x10, 0x03, 0x55, 0x82, 0x04, 0x00, 0xB0, 0x03, 0xFF, 0x86, 0xBF,
    0x00, 0xF8, 0xFF, 0x4F, 0x10, 0xFE, 0x03, 0xFF, 0x82, 0x08, 0x00, 0xFD, 0x03, 0xFF, 0x81, 0x0D,
    0xA0, 0x02, 0xFF, 0x81, 0x06, 0xF2, 0x03, 0xFF, 0x83, 0x9F, 0x00, 0x30, 0x98, 0x02, 0x99, 0x86,
    0x28, 0x00, 0x81, 0x99, 0x07, 0x00, 0x94, 0x02, 0x99, 0x83, 0x79, 0x01, 0x00, 0x41, 0x02, 0x55,
    0x81, 0x45, 0x01, 0x04, 0x00, 0x80, 0x10, 0x03, 0x55, 0x82, 0x04, 0x00, 0xB0, 0x03, 0xFF, 0x80,
    0xBF, 0x04, 0x00, 0x81, 0x10, 0xFE, 0x03, 0xFF, 0x82, 0x08, 0x00, 0xFD, 0x03, 0xFF, 0x80, 0x0D,
    0x04, 0x00, 0x80, 0xF2, 0x03, 0xFF, 0x83, 0x9F, 0x00, 0x30, 0x98, 0x02, 0x99, 0x80, 0x28, 0x05,
    0x00, 0x80, 0x94, 0x02, 0x99, 0x81, 0x79, 0x01, 0x3E, 0x00, 0x79, 0x00, 0x81, 0x10, 0x54, 0x08,
    0x55, 0x80, 0x01, 0x04, 0x00, 0x80, 0xB0, 0x09, 0xFF, 0x80, 0x1E, 0x04, 0x00, 0x80, 0xD0, 0x09,
    0xFF, 0x80, 0x2F, 0x04, 0x00, 0x81, 0x30, 0x98, 0x08, 0x99, 0x80, 0x04, 0x04, 0x00, 0x81, 0x10,
    0x54, 0x02, 0x55, 0x80, 0x14, 0x03, 0x00, 0x80, 0x41, 0x02, 0x55, 0x81, 0x45, 0x01, 0x02, 0x00,
    0x80, 0xB0, 0x03, 0xFF, 0x80, 0xBF, 0x03, 0x00, 0x80, 0xFB, 0x03, 0xFF, 0x80, 0x0B, 0x02, 0x00,
    0x80, 0xD0, 0x03, 0xFF, 0x80, 0xDF, 0x03, 0x00, 0x80, 0xFD, 0x03, 0xFF, 0x80, 0x0D, 0x02, 0x00,
    0x81, 0x30, 0xED, 0x02, 0xEE, 0x80, 0x3D, 0x03, 0x00, 0x80, 0xD3, 0x02, 0xEE, 0x81, 0xDE, 0x03,
    0x02, 0x00, 0x80, 0xB0, 0x03, 0xFF, 0x80, 0xBF, 0x03, 0x00, 0x80, 0xFB, 0x03, 0xFF, 0x80, 0x0B,
    0x02, 0x00, 0x80, 0xD0, 0x03, 0xFF, 0x80, 0xDF, 0x03, 0x00, 0x80, 0xFD, 0x03, 0xFF, 0x80, 0x0D,
    0x02, 0x00, 0x81, 0x30, 0x98, 0x02, 0x99, 0x80, 0x28, 0x03, 0x00, 0x80, 0x83, 0x02, 0x99, 0x81,
    0x89, 0x02, 0x02, 0x00, 0x81, 0x10, 0x54, 0x02, 0x55, 0x80, 0x14, 0x03, 0x00, 0x80, 0x41, 0x02,
    0x55, 0x81, 0x45, 0x01, 0x02, 0x00, 0x80, 0xB0, 0x03, 0xFF, 0x80, 0xBF, 0x03, 0x00, 0x80, 0xFB,
    0x03, 0xFF, 0x80, 0x0B, 0x02, 0x00, 0x80, 0xD0, 0x03, 0xFF, 0x80, 0xDF, 0x03, 0x00, 0x80, 0xFD,
    0x03, 0xFF, 0x80, 0x0D, 0x02, 0x00, 0x81, 0x30, 0x98, 0x02, 0x99, 0x80, 0x28, 0x03, 0x00, 0x80,
    0x83, 0x02, 0x99, 0x81, 0x89, 0x02, 0x02, 0x00, 0x81, 0x10, 0x54, 0x02, 0x55, 0x80, 0x14, 0x03,
    0x00, 0x80, 0x41, 0x02, 0x55, 0x81, 0x45, 0x01, 0x02, 0x00, 0x80, 0xB0, 0x03, 0xFF, 0x80, 0xBF,
    0x03, 0x00, 0x80, 0xFB, 0x03, 0xFF, 0x80, 0x0B, 0x02, 0x00, 0x80, 0xD0, 0x03, 0xFF, 0x80, 0xDF,
    0x03, 0x00, 0x80, 0xFD, 0x03, 0xFF, 0x80, 0x0D, 0x02, 0x00, 0x81, 0x30, 0x98, 0x02, 0x99, 0x80,
    0x28, 0x03, 0x00, 0x80, 0x83, 0x02, 0x99, 0x81, 0x89, 0x02, 0x3D, 0x00, 0x7B, 0x00, 0x80, 0x10,
    0x07, 0x55, 0x80, 0x01, 0x06, 0x00, 0x80, 0xE1, 0x07, 0xFF, 0x80, 0x1E, 0x06, 0x00, 0x80, 0xF2,
    0x07, 0xFF, 0x80, 0x2F, 0x06, 0x00, 0x80, 0x40, 0x07, 0x99, 0x80, 0x04, 0x04, 0x00, 0x81, 0x10,
    0x54, 0x02, 0x55, 0x80, 0x14, 0x03, 0x00, 0x80, 0x41, 0x02, 0x55, 0x81, 0x45, 0x01, 0x02, 0x00,
    0x80, 0xB0, 0x03, 0xFF, 0x80, 0xBF, 0x03, 0x00, 0x80, 0xFB, 0x03, 0xFF, 0x80, 0x0B, 0x02, 0x00,
    0x80, 0xD0, 0x03, 0xFF, 0x80, 0xDF, 0x03, 0x00, 0x80, 0xFD, 0x03, 0xFF, 0x80, 0x0D, 0x02, 0x00,
    0x81, 0x30, 0xED, 0x02, 0xEE, 0x80, 0x3D, 0x03, 0x00, 0x80, 0xD3, 0x02, 0xEE, 0x81, 0xDE, 0x03,
    0x02, 0x00, 0x80, 0xB0, 0x03, 0xFF, 0x80, 0xBF, 0x03, 0x00, 0x80, 0xFB, 0x03, 0xFF, 0x80, 0x0B,
    0x02, 0x00, 0x80, 0xD0, 0x03, 0xFF, 0x80, 0xDF, 0x03, 0x00, 0x80, 0xFD, 0x03, 0xFF, 0x80, 0x0D,
    0x02, 0x00, 0x81, 0x30, 0x98, 0x02, 0x99, 0x80, 0x28, 0x03, 0x00, 0x80, 0x83, 0x02, 0x99, 0x81,
    0x89, 0x02, 0x02, 0x00, 0x81, 0x10, 0x54, 0x02, 0x55, 0x80, 0x14, 0x03, 0x00, 0x80, 0x41, 0x02,
    0x55, 0x81, 0x45, 0x01, 0x02, 0x00, 0x80, 0xB0, 0x03, 0xFF, 0x80, 0xBF, 0x03, 0x00, 0x80, 0xFB,
    0x03, 0xFF, 0x80, 0x0B, 0x02, 0x00, 0x80, 0xD0, 0x03, 0xFF, 0x80, 0xDF, 0x03, 0x00, 0x80, 0xFD,
    0x03, 0xFF, 0x80, 0x0D, 0x02, 0x00, 0x81, 0x30, 0x98, 0x02, 0x99, 0x80, 0x28, 0x03, 0x00, 0x80,
    0x83, 0x02, 0x99, 0x81, 0x89, 0x02, 0x04, 0x00, 0x80, 0x10, 0x07, 0x55, 0x80, 0x01, 0x06, 0x00,
    0x80, 0xE1, 0x07, 0xFF, 0x80, 0x1E, 0x06, 0x00, 0x80, 0xF2, 0x07, 0xFF, 0x80, 0x2F, 0x06, 0x00,
    0x80, 0x40, 0x07, 0x99, 0x80, 0x04, 0x3F, 0x00, 0x79, 0x00, 0x81, 0x10, 0x54, 0x08, 0x55, 0x80,
    0x01, 0x04, 0x00, 0x80, 0xB0, 0x09, 0xFF, 0x80, 0x1E, 0x04, 0x00, 0x80, 0xD0, 0x09, 0xFF, 0x80,
    0x2F, 0x04, 0x00, 0x81, 0x30, 0x98, 0x08, 0x99, 0x80, 0x04, 0x04, 0x00, 0x81, 0x10, 0x54, 0x02,
    0x55, 0x80, 0x14, 0x03, 0x00, 0x80, 0x41, 0x02, 0x55, 0x81, 0x45, 0x01, 0x02, 0x00, 0x80, 0xB0,
    0x03, 0xFF, 0x80, 0xBF, 0x03, 0x00, 0x80, 0xFB, 0x03, 0xFF, 0x80, 0x0B, 0x02, 0x00, 0x80, 0xD0,
    0x03, 0xFF, 0x80, 0xDF, 0x03, 0x00, 0x80, 0xFD, 0x03, 0xFF, 0x80, 0x0D, 0x02, 0x00, 0x81, 0x30,
    0xED, 0x02, 0xEE, 0x80, 0x3D, 0x03, 0x00, 0x80, 0xD3, 0x02, 0xEE, 0x81, 0xDE, 0x03, 0x02, 0x00,
    0x80, 0xB0, 0x03, 0xFF, 0x80, 0xBF, 0x03, 0x00, 0x80, 0xFB, 0x03, 0xFF, 0x80, 0x0B, 0x02, 0x00,
    0x80, 0xD0, 0x03, 0xFF, 0x80, 0xDF, 0x03, 0x00, 0x80, 0xFD, 0x03, 0xFF, 0x80, 0x0D, 0x02, 0x00,
    0x81, 0x30, 0x98, 0x02, 0x99, 0x80, 0x28, 0x03, 0x00, 0x80, 0x83, 0x02, 0x99, 0x81, 0x89, 0x02,
    0x02, 0x00, 0x81, 0x10, 0x54, 0x08, 0x55, 0x80, 0x01, 0x04, 0x00, 0x80, 0xB0, 0x09, 0xFF, 0x80,
    0x1E, 0x04, 0x00, 0x80, 0xD0, 0x09, 0xFF, 0x80, 0x2F, 0x04, 0x00, 0x81, 0x30, 0x98, 0x08, 0x99,
    0x80, 0x04, 0x04, 0x00, 0x81, 0x10, 0x54, 0x02, 0x55, 0x80, 0x14, 0x0A, 0x00, 0x80, 0xB0, 0x03,
    0xFF, 0x80, 0xBF, 0x0A, 0x00, 0x80, 0xD0, 0x03, 0xFF, 0x80, 0xDF, 0x0A, 0x00, 0x81, 0x30, 0x98,
    0x02, 0x99, 0x80, 0x28, 0x0A, 0x00, 0x81, 0x10, 0x54, 0x02, 0x55, 0x80, 0x14, 0x0A, 0x00, 0x80,
    0xB0, 0x03, 0xFF, 0x80, 0xBF, 0x0A, 0x00, 0x80, 0xD0, 0x03, 0xFF, 0x80, 0xDF, 0x0A, 0x00, 0x81,
    0x30, 0x98, 0x02, 0x99, 0x80, 0x28, 0x09, 0x00, 0x7B, 0x00, 0x80, 0x10, 0x08, 0x55, 0x81, 0x45,
    0x01, 0x04, 0x00, 0x80, 0xE1, 0x09, 0xFF, 0x80, 0x0B, 0x04, 0x00, 0x80, 0xF2, 0x09, 0xFF, 0x80,
    0x0D, 0x04, 0x00, 0x80, 0x40, 0x08, 0x99, 0x81, 0x89, 0x02, 0x02, 0x00, 0x81, 0x10, 0x54, 0x02,
    0x55, 0x80, 0x14, 0x03, 0x00, 0x80, 0x41, 0x02, 0x55, 0x81, 0x45, 0x01, 0x02, 0x00, 0x80, 0xB0,
    0x03, 0xFF, 0x80, 0xBF, 0x03, 0x00, 0x80, 0xFB, 0x03, 0xFF, 0x80, 0x0B, 0x02, 0x00, 0x80, 0xD0,
    0x03, 0xFF, 0x80, 0xDF, 0x03, 0x00, 0x80, 0xFD, 0x03, 0xFF, 0x80, 0x0D, 0x02, 0x00, 0x81, 0x30,
    0xED, 0x02, 0xEE, 0x80, 0x3D, 0x03, 0x00, 0x80, 0xD3, 0x02, 0xEE, 0x81, 0xDE, 0x03, 0x02, 0x00,
    0x80, 0xB0, 0x03, 0xFF, 0x80, 0xBF, 0x03, 0x00, 0x80, 0xFB, 0x03, 0xFF, 0x80, 0x0B, 0x02, 0x00,
    0x80, 0xD0, 0x03, 0xFF, 0x80, 0xDF, 0x03, 0x00, 0x80, 0xFD, 0x03, 0xFF, 0x80, 0x0D, 0x02, 0x00,
    0x81, 0x30, 0x98, 0x02, 0x99, 0x80, 0x28, 0x03, 0x00, 0x80, 0x83, 0x02, 0x99, 0x81, 0x89, 0x02,
    0x04, 0x00, 0x80, 0x10, 0x08, 0x55, 0x81, 0x45, 0x01, 0x04, 0x00, 0x80, 0xE1, 0x09, 0xFF, 0x80,
    0x0B, 0x04, 0x00, 0x80, 0xF2, 0x09, 0xFF, 0x80, 0x0D, 0x04, 0x00, 0x80, 0x40, 0x08, 0x99, 0x81,
    0x89, 0x02, 0x0A, 0x00, 0x80, 0x41, 0x02, 0x55, 0x81, 0x45, 0x01, 0x0A, 0x00, 0x80, 0xFB, 0x03,
    0xFF, 0x80, 0x0B, 0x0A, 0x00, 0x80, 0xFD, 0x03, 0xFF, 0x80, 0x0D, 0x0A, 0x00, 0x80, 0x83, 0x02,
    0x99, 0x81, 0x89, 0x02, 0x0A, 0x00, 0x80, 0x41, 0x02, 0x55, 0x81, 0x45, 0x01, 0x0A, 0x00, 0x80,
    0xFB, 0x03, 0xFF, 0x80, 0x0B, 0x0A, 0x00, 0x80, 0xFD, 0x03, 0xFF, 0x80, 0x0D, 0x0A, 0x00, 0x80,
    0x83, 0x02, 0x99, 0x82, 0x89, 0x02, 0x00, 0x79, 0x00, 0x81, 0x10, 0x54, 0x08, 0x55, 0x80, 0x01,
    0x04, 0x00, 0x80, 0xB0, 0x09, 0xFF, 0x80, 0x1E, 0x04, 0x00, 0x80, 0xD0, 0x09, 0xFF, 0x80, 0x2F,
    0x04, 0x00, 0x81, 0x30, 0x98, 0x08, 0x99, 0x80, 0x04, 0x04, 0x00, 0x81, 0x10, 0x54, 0x02, 0x55,
    0x80, 0x14, 0x03, 0x00, 0x80, 0x41, 0x02, 0x55, 0x81, 0x45, 0x01, 0x02, 0x00, 0x80, 0xB0, 0x03,
    0xFF, 0x80, 0xBF, 0x03, 0x00, 0x80, 0xFB, 0x03, 0xFF, 0x80, 0x0B, 0x02, 0x00, 0x80, 0xD0, 0x03,
    0xFF, 0x80, 0xDF, 0x03, 0x00, 0x80, 0xFD, 0x03, 0xFF, 0x80, 0x0D, 0x02, 0x00, 0x81, 0x30, 0xED,
    0x02, 0xEE, 0x80, 0x3D, 0x03, 0x00, 0x80, 0x83, 0x02, 0x99, 0x81, 0x89, 0x02, 0x02, 0x00, 0x80,
    0xB0, 0x03, 0xFF, 0x80, 0xBF, 0x0A, 0x00, 0x80, 0xD0, 0x03, 0xFF, 0x80, 0xDF, 0x0A, 0x00, 0x81,
    0x30, 0x98, 0x02, 0x99, 0x80, 0x28, 0x0A, 0x00, 0x81, 0x10, 0x54, 0x02, 0x55, 0x80, 0x14, 0x0A,
    0x00, 0x80, 0xB0, 0x03, 0xFF, 0x80, 0xBF, 0x0A, 0x00, 0x80, 0xD0, 0x03, 0xFF, 0x80, 0xDF, 0x0A,
    0x00, 0x81, 0x30, 0x98, 0x02, 0x99, 0x80, 0x28, 0x0A, 0x00, 0x81, 0x10, 0x54, 0x02, 0x55, 0x80,
    0x14, 0x0A, 0x00, 0x80, 0xB0, 0x03, 0xFF, 0x80, 0xBF, 0x0A, 0x00, 0x80, 0xD0, 0x03, 0xFF, 0x80,
    0xDF, 0x0A, 0x00, 0x81, 0x30, 0x98, 0x02, 0x99, 0x80, 0x28, 0x45, 0x00, 0x7B, 0x00, 0x80, 0x10,
    0x08, 0x55, 0x81, 0x45, 0x01, 0x04, 0x00, 0x80, 0xE1, 0x09, 0xFF, 0x80, 0x0B, 0x04, 0x00, 0x80,
    0xF2, 0x09, 0xFF, 0x80, 0x0D, 0x04, 0x00, 0x80, 0x40, 0x08, 0x99, 0x81, 0x89, 0x02, 0x02, 0x00,
    0x81, 0x10, 0x54, 0x02, 0x55, 0x80, 0x14, 0x0A, 0x00, 0x80, 0xB0, 0x03, 0xFF, 0x80, 0xBF, 0x0A,
    0x00, 0x80, 0xD0, 0x03, 0xFF, 0x80, 0xDF, 0x0A, 0x00, 0x84, 0x30, 0x98, 0xA9, 0xEE, 0x8D, 0x05,
    0x55, 0x80, 0x01, 0x06, 0x00, 0x80, 0xE1, 0x07, 0xFF, 0x80, 0x1E, 0x06, 0x00, 0x80, 0xF2, 0x07,
    0xFF, 0x80, 0x2F, 0x06, 0x00, 0x80, 0x40, 0x07, 0x99, 0x80, 0x04, 0x0C, 0x00, 0x80, 0x41, 0x02,
    0x55, 0x81, 0x45, 0x01, 0x0A, 0x00, 0x80, 0xFB, 0x03, 0xFF, 0x80, 0x0B, 0x0A, 0x00, 0x80, 0xFD,
    0x03, 0xFF, 0x80, 0x0D, 0x0A, 0x00, 0x80, 0x83, 0x02, 0x99, 0x81, 0x89, 0x02, 0x02, 0x00, 0x81,
    0x10, 0x54, 0x08, 0x55, 0x80, 0x01, 0x04, 0x00, 0x80, 0xB0, 0x09, 0xFF, 0x80, 0x1E, 0x04, 0x00,
    0x80, 0xD0, 0x09, 0xFF, 0x80, 0x2F, 0x04, 0x00, 0x81, 0x30, 0x98, 0x08, 0x99, 0x80, 0x04, 0x3F,
    0x00, 0x41, 0x00, 0x80, 0x30, 0x03, 0x55, 0x80, 0x03, 0x0A, 0x00, 0x80, 0xF4, 0x03, 0xFF, 0x80,
    0x4F, 0x0A, 0x00, 0x80, 0xF6, 0x03, 0xFF, 0x80, 0x6F, 0x0A, 0x00, 0x80, 0x60, 0x03, 0x99, 0x80,
    0x06, 0x06, 0x00, 0x81, 0x10, 0x54, 0x09, 0x55, 0x81, 0x45, 0x01, 0x02, 0x00, 0x80, 0xB0, 0x0B,
    0xFF, 0x80, 0x0B, 0x02, 0x00, 0x80, 0xD0, 0x0B, 0xFF, 0x80, 0x0D, 0x02, 0x00, 0x81, 0x30, 0x98,
    0x09, 0x99, 0x81, 0x89, 0x02, 0x06, 0x00, 0x80, 0x30, 0x03, 0x55, 0x80, 0x03, 0x0A, 0x00, 0x80,
    0xF4, 0x03, 0xFF, 0x80, 0x4F, 0x0A, 0x00, 0x80, 0xF6, 0x03, 0xFF, 0x80, 0x6F, 0x0A, 0x00, 0x80,
    0x90, 0x03, 0xEE, 0x80, 0x09, 0x0A, 0x00, 0x80, 0xF4, 0x03, 0xFF, 0x80, 0x4F, 0x0A, 0x00, 0x80,
    0xF6, 0x03, 0xFF, 0x80, 0x6F, 0x0A, 0x00, 0x80, 0x60, 0x03, 0x99, 0x80, 0x06, 0x0A, 0x00, 0x80,
    0x30, 0x03, 0x55, 0x80, 0x03, 0x0A, 0x00, 0x80, 0xF4, 0x03, 0xFF, 0x80, 0x4F, 0x0A, 0x00, 0x80,
    0xF6, 0x03, 0xFF, 0x80, 0x6F, 0x0A, 0x00, 0x80, 0x60, 0x03, 0x99, 0x80, 0x06, 0x0C, 0x00, 0x80,
    0x40, 0x04, 0x55, 0x81, 0x45, 0x01, 0x08, 0x00, 0x80, 0xF8, 0x05, 0xFF, 0x80, 0x0B, 0x08, 0x00,
    0x80, 0xF9, 0x05, 0xFF, 0x80, 0x0D, 0x08, 0x00, 0x80, 0x71, 0x04, 0x99, 0x81, 0x89, 0x02, 0x3D,
    0x00, 0x79, 0x00, 0x81, 0x10, 0x54, 0x02, 0x55, 0x80, 0x14, 0x03, 0x00, 0x80, 0x41, 0x02, 0x55,
    0x81, 0x45, 0x01, 0x02, 0x00, 0x80, 0xB0, 0x03, 0xFF, 0x80, 0xBF, 0x03, 0x00, 0x80, 0xFB, 0x03,
    0xFF, 0x80, 0x0B, 0x02, 0x00, 0x80, 0xD0, 0x03, 0xFF, 0x80, 0xDF, 0x03, 0x00, 0x80, 0xFD, 0x03,
    0xFF, 0x80, 0x0D, 0x02, 0x00, 0x81, 0x30, 0x98, 0x02, 0x99, 0x80, 0x28, 0x03, 0x00, 0x80, 0x83,
    0x02, 0x99, 0x81, 0x89, 0x02, 0x02, 0x00, 0x81, 0x10, 0x54, 0x02, 0x55, 0x80, 0x14, 0x03, 0x00,
    0x80, 0x41, 0x02, 0x55, 0x81, 0x45, 0x01, 0x02, 0x00, 0x80, 0xB0, 0x03, 0xFF, 0x80, 0xBF, 0x03,
    0x00, 0x80, 0xFB, 0x03, 0xFF, 0x80, 0x0B, 0x02, 0x00, 0x80, 0xD0, 0x03, 0xFF, 0x80, 0xDF, 0x03,
    0x00, 0x80, 0xFD, 0x03, 0xFF, 0x80, 0x0D, 0x02, 0x00, 0x81, 0x30, 0xED, 0x02, 0xEE, 0x80, 0x3D,
    0x03, 0x00, 0x80, 0xD3, 0x02, 0xEE, 0x81, 0xDE, 0x03, 0x02, 0x00, 0x80, 0xB0, 0x03, 0xFF, 0x80,
    0xBF, 0x03, 0x00, 0x80, 0xFB, 0x03, 0xFF, 0x80, 0x0B, 0x02, 0x00, 0x80, 0xD0, 0x03, 0xFF, 0x80,
    0xDF, 0x03, 0x00, 0x80, 0xFD, 0x03, 0xFF, 0x80, 0x0D, 0x02, 0x00, 0x81, 0x30, 0x98, 0x02, 0x99,
    0x80, 0x28, 0x03, 0x00, 0x80, 0x83, 0x02, 0x99, 0x81, 0x89, 0x02, 0x02, 0x00, 0x81, 0x10, 0x54,
    0x02, 0x55, 0x80, 0x14, 0x03, 0x00, 0x80, 0x41, 0x02, 0x55, 0x81, 0x45, 0x01, 0x02, 0x00, 0x80,
    0xB0, 0x03, 0xFF, 0x80, 0xBF, 0x03, 0x00, 0x80, 0xFB, 0x03, 0xFF, 0x80, 0x0B, 0x02, 0x00, 0x80,
    0xD0, 0x03, 0xFF, 0x80, 0xDF, 0x03, 0x00, 0x80, 0xFD, 0x03, 0xFF, 0x80, 0x0D, 0x02, 0x00, 0x81,
    0x30, 0x98, 0x02, 0x99, 0x80, 0x28, 0x03, 0x00, 0x80, 0x83, 0x02, 0x99, 0x81, 0x89, 0x02, 0x04,
    0x00, 0x80, 0x10, 0x08, 0x55, 0x81, 0x45, 0x01, 0x04, 0x00, 0x80, 0xE1, 0x09, 0xFF, 0x80, 0x0B,
    0x04, 0x00, 0x80, 0xF2, 0x09, 0xFF, 0x80, 0x0D, 0x04, 0x00, 0x80, 0x40, 0x08, 0x99, 0x81, 0x89,
    0x02, 0x3D, 0x00, 0x79, 0x00, 0x81, 0x10, 0x54, 0x02, 0x55, 0x80, 0x14, 0x03, 0x00, 0x80, 0x41,
    0x02, 0x55, 0x81, 0x45, 0x01, 0x02, 0x00, 0x80, 0xB0, 0x03, 0xFF, 0x80, 0xBF, 0x03, 0x00, 0x80,
    0xFB, 0x03, 0xFF, 0x80, 0x0B, 0x02, 0x00, 0x80, 0xD0, 0x03, 0xFF, 0x80, 0xDF, 0x03, 0x00, 0x80,
    0xFD, 0x03, 0xFF, 0x80, 0x0D, 0x02, 0x00, 0x81, 0x30, 0x98, 0x02, 0x99, 0x80, 0x28, 0x03, 0x00,
    0x80, 0x83, 0x02, 0x99, 0x81, 0x89, 0x02, 0x02, 0x00, 0x81, 0x10, 0x54, 0x02, 0x55, 0x80, 0x14,
    0x03, 0x00, 0x80, 0x41, 0x02, 0x55, 0x81, 0x45, 0x01, 0x02, 0x00, 0x80, 0xB0, 0x03, 0xFF, 0x80,
    0xBF, 0x03, 0x00, 0x80, 0xFB, 0x03, 0xFF, 0x80, 0x0B, 0x02, 0x00, 0x80, 0xD0, 0x03, 0xFF, 0x80,
    0xDF, 0x03, 0x00, 0x80, 0xFD, 0x03, 0xFF, 0x80, 0x0D, 0x02, 0x00, 0x81, 0x30, 0xED, 0x02, 0xEE,
    0x80, 0x3D, 0x03, 0x00, 0x80, 0xD3, 0x02, 0xEE, 0x81, 0xDE, 0x03, 0x02, 0x00, 0x80, 0xB0, 0x03,
    0xFF, 0x80, 0xBF, 0x03, 0x00, 0x80, 0xFB, 0x03, 0xFF, 0x80, 0x0B, 0x02, 0x00, 0x80, 0xD0, 0x03,
    0xFF, 0x80, 0xDF, 0x03, 0x00, 0x80, 0xFD, 0x03, 0xFF, 0x80, 0x0D, 0x02, 0x00, 0x81, 0x30, 0x98,
    0x02, 0x99, 0x80, 0x28, 0x03, 0x00, 0x80, 0x83, 0x02, 0x99, 0x81, 0x89, 0x02, 0x04, 0x00, 0x80,
    0x10, 0x07, 0x55, 0x80, 0x01, 0x06, 0x00, 0x80, 0xE1, 0x07, 0xFF, 0x80, 0x1E, 0x06, 0x00, 0x80,
    0xF2, 0x07, 0xFF, 0x80, 0x2F, 0x06, 0x00, 0x80, 0x40, 0x07, 0x99, 0x80, 0x04, 0x08, 0x00, 0x80,
    0x30, 0x03, 0x55, 0x80, 0x03, 0x0A, 0x00, 0x80, 0xF4, 0x03, 0xFF, 0x80, 0x4F, 0x0A, 0x00, 0x80,
    0xF6, 0x03, 0xFF, 0x80, 0x6F, 0x0A, 0x00, 0x80, 0x60, 0x03, 0x99, 0x80, 0x06, 0x41, 0x00, 0x7D,
    0x00, 0x81, 0x10, 0x54, 0x02, 0x55, 0x80, 0x14, 0x05, 0x00, 0x80, 0x51, 0x02, 0x55, 0x80, 0x45,
    0x02, 0x00, 0x80, 0xFB, 0x03, 0xFF, 0x80, 0x0B, 0x04, 0x00, 0x80, 0xE1, 0x03, 0xFF, 0x82, 0x8F,
    0x00, 0xD0, 0x03, 0xFF, 0x80, 0xDF, 0x04, 0x00, 0x80, 0x20, 0x04, 0xFF, 0x82, 0x09, 0x00, 0x83,
    0x02, 0x99, 0x81, 0x89, 0x02, 0x04, 0x00, 0x80, 0x40, 0x03, 0x99, 0x83, 0x17, 0x00, 0x10, 0x54,
    0x02, 0x55, 0x86, 0x14, 0x00, 0x40, 0x55, 0x03, 0x00, 0x51, 0x02, 0x55, 0x80, 0x45, 0x02, 0x00,
    0x80, 0xFB, 0x03, 0xFF, 0x81, 0x0B, 0x80, 0x02, 0xFF, 0x81, 0x04, 0xE1, 0x03, 0xFF, 0x82, 0x8F,
    0x00, 0xD0, 0x03, 0xFF, 0x85, 0xDF, 0x00, 0xFA, 0xFF, 0x6F, 0x20, 0x04, 0xFF, 0x82, 0x09, 0x00,
    0xD3, 0x02, 0xEE, 0x86, 0xDE, 0x58, 0x75, 0xED, 0xCE, 0x55, 0xA5, 0x03, 0xEE, 0x82, 0x1B, 0x00,
    0xB0, 0x0D, 0xFF, 0x82, 0x08, 0x00, 0xFD, 0x0C, 0xFF, 0x83, 0x9F, 0x00, 0x30, 0x98, 0x0B, 0x99,
    0x81, 0x79, 0x01, 0x03, 0x00, 0x80, 0x51, 0x08, 0x55, 0x80, 0x14, 0x05, 0x00, 0x80, 0xE1, 0x09,
    0xFF, 0x80, 0x0B, 0x04, 0x00, 0x80, 0x20, 0x09, 0xFF, 0x80, 0xDF, 0x05, 0x00, 0x80, 0x40, 0x08,
    0x99, 0x81, 0x89, 0x02, 0x05, 0x00, 0x80, 0x51, 0x02, 0x55, 0x83, 0x45, 0x00, 0x10, 0x54, 0x02,
    0x55, 0x80, 0x14, 0x05, 0x00, 0x80, 0xE1, 0x03, 0xFF, 0x82, 0x8F, 0x00, 0xFB, 0x03, 0xFF, 0x80,
    0x0B, 0x04, 0x00, 0x80, 0x20, 0x04, 0xFF, 0x81, 0x09, 0xD0, 0x03, 0xFF, 0x80, 0xDF, 0x05, 0x00,
    0x80, 0x40, 0x03, 0x99, 0x82, 0x17, 0x00, 0x83, 0x02, 0x99, 0x81, 0x89, 0x02, 0x40, 0x00, 0x79,
    0x00, 0x81, 0x10, 0x54, 0x02, 0x55, 0x80, 0x14, 0x03, 0x00, 0x80, 0x41, 0x02, 0x55, 0x81, 0x45,
    0x01, 0x02, 0x00, 0x80, 0xB0, 0x03, 0xFF, 0x80, 0xBF, 0x03, 0x00, 0x80, 0xFB, 0x03, 0xFF, 0x80,
    0x0B, 0x02, 0x00, 0x80, 0xD0, 0x03, 0xFF, 0x80, 0xDF, 0x03, 0x00, 0x80, 0xFD, 0x03, 0xFF, 0x80,
    0x0D, 0x02, 0x00, 0x81, 0x30, 0x98, 0x02, 0x99, 0x80, 0x28, 0x03, 0x00, 0x80, 0x83, 0x02, 0x99,
    0x81, 0x89, 0x02, 0x04, 0x00, 0x80, 0x10, 0x07, 0x55, 0x80, 0x01, 0x06, 0x00, 0x80, 0xE1, 0x07,
    0xFF, 0x80, 0x1E, 0x06, 0x00, 0x80, 0xF2, 0x07, 0xFF, 0x80, 0x2F, 0x06, 0x00, 0x82, 0x40, 0x99,
    0xB9, 0x03, 0xEE, 0x82, 0x9B, 0x99, 0x04, 0x08, 0x00, 0x80, 0xF4, 0x03, 0xFF, 0x80, 0x4F, 0x0A,
    0x00, 0x80, 0xF6, 0x03, 0xFF, 0x80, 0x6F, 0x0A, 0x00, 0x80, 0x60, 0x03, 0x99, 0x80, 0x06, 0x08,
    0x00, 0x80, 0x10, 0x07, 0x55, 0x80, 0x01, 0x06, 0x00, 0x80, 0xE1, 0x07, 0xFF, 0x80, 0x1E, 0x06,
    0x00, 0x80, 0xF2, 0x07, 0xFF, 0x80, 0x2F, 0x06, 0x00, 0x80, 0x40, 0x07, 0x99, 0x80, 0x04, 0x04,
    0x00, 0x81, 0x10, 0x54, 0x02, 0x55, 0x80, 0x14, 0x03, 0x00, 0x80, 0x41, 0x02, 0x55, 0x81, 0x45,
    0x01, 0x02, 0x00, 0x80, 0xB0, 0x03, 0xFF, 0x80, 0xBF, 0x03, 0x00, 0x80, 0xFB, 0x03, 0xFF, 0x80,
    0x0B, 0x02, 0x00, 0x80, 0xD0, 0x03, 0xFF, 0x80, 0xDF, 0x03, 0x00, 0x80, 0xFD, 0x03, 0xFF, 0x80,
    0x0D, 0x02, 0x00, 0x81, 0x30, 0x98, 0x02, 0x99, 0x80, 0x28, 0x03, 0x00, 0x80, 0x83, 0x02, 0x99,
    0x81, 0x89, 0x02, 0x3D, 0x00, 0x79, 0x00, 0x81, 0x10, 0x54, 0x02, 0x55, 0x80, 0x14, 0x03, 0x00,
    0x80, 0x41, 0x02, 0x55, 0x81, 0x45, 0x01, 0x02, 0x00, 0x80, 0xB0, 0x03, 0xFF, 0x80, 0xBF, 0x03,
    0x00, 0x80, 0xFB, 0x03, 0xFF, 0x80, 0x0B, 0x02, 0x00, 0x80, 0xD0, 0x03, 0xFF, 0x80, 0xDF, 0x03,
    0x00, 0x80, 0xFD, 0x03, 0xFF, 0x80, 0x0D, 0x02, 0x00, 0x81, 0x30, 0x98, 0x02, 0x99, 0x80, 0x28,
    0x03, 0x00, 0x80, 0x83, 0x02, 0x99, 0x81, 0x89, 0x02, 0x02, 0x00, 0x81, 0x10, 0x54, 0x02, 0x55,
    0x80, 0x14, 0x03, 0x00, 0x80, 0x41, 0x02, 0x55, 0x81, 0x45, 0x01, 0x02, 0x00, 0x80, 0xB0, 0x03,
    0xFF, 0x80, 0xBF, 0x03, 0x00, 0x80, 0xFB, 0x03, 0xFF, 0x80, 0x0B, 0x02, 0x00, 0x80, 0xD0, 0x03,
    0xFF, 0x80, 0xDF, 0x03, 0x00, 0x80, 0xFD, 0x03, 0xFF, 0x80, 0x0D, 0x02, 0x00, 0x81, 0x30, 0xED,
    0x02, 0xEE, 0x80, 0x3D, 0x03, 0x00, 0x80, 0xD3, 0x02, 0xEE, 0x81, 0xDE, 0x03, 0x02, 0x00, 0x80,
    0xB0, 0x03, 0xFF, 0x80, 0xBF, 0x03, 0x00, 0x80, 0xFB, 0x03, 0xFF, 0x80, 0x0B, 0x02, 0x00, 0x80,
    0xD0, 0x03, 0xFF, 0x80, 0xDF, 0x03, 0x00, 0x80, 0xFD, 0x03, 0xFF, 0x80, 0x0D, 0x02, 0x00, 0x81,
    0x30, 0x98, 0x02, 0x99, 0x80, 0x28, 0x03, 0x00, 0x80, 0x83, 0x02, 0x99, 0x81, 0x89, 0x02, 0x04,
    0x00, 0x80, 0x10, 0x08, 0x55, 0x81, 0x45, 0x01, 0x04, 0x00, 0x80, 0xE1, 0x09, 0xFF, 0x80, 0x0B,
    0x04, 0x00, 0x80, 0xF2, 0x09, 0xFF, 0x80, 0x0D, 0x04, 0x00, 0x80, 0x40, 0x08, 0x99, 0x81, 0x89,
    0x02, 0x0A, 0x00, 0x80, 0x41, 0x02, 0x55, 0x81, 0x45, 0x01, 0x0A, 0x00, 0x80, 0xFB, 0x03, 0xFF,
    0x80, 0x0B, 0x0A, 0x00, 0x80, 0xFD, 0x03, 0xFF, 0x80, 0x0D, 0x0A, 0x00, 0x80, 0x83, 0x02, 0x99,
    0x81, 0x89, 0x02, 0x02, 0x00, 0x81, 0x10, 0x54, 0x08, 0x55, 0x80, 0x01, 0x04, 0x00, 0x80, 0xB0,
    0x09, 0xFF, 0x80, 0x1E, 0x04, 0x00, 0x80, 0xD0, 0x09, 0xFF, 0x80, 0x2F, 0x04, 0x00, 0x81, 0x30,
    0x98, 0x08, 0x99, 0x80, 0x04, 0x03, 0x00, 0x79, 0x00, 0x81, 0x10, 0x54, 0x09, 0x55, 0x81, 0x45,
    0x01, 0x02, 0x00, 0x80, 0xB0, 0x0B, 0xFF, 0x80, 0x0B, 0x02, 0x00, 0x80, 0xD0, 0x0B, 0xFF, 0x80,
    0x0D, 0x02, 0x00, 0x81, 0x30, 0x98, 0x09, 0x99, 0x81, 0x89, 0x02, 0x08, 0x00, 0x80, 0x40, 0x03,
    0x55, 0x80, 0x01, 0x0A, 0x00, 0x80, 0xF8, 0x03, 0xFF, 0x80, 0x1E, 0x0A, 0x00, 0x80, 0xF9, 0x03,
    0xFF, 0x80, 0x2F, 0x08, 0x00, 0x86, 0x30, 0x55, 0xD6, 0xEE, 0x9B, 0x99, 0x04, 0x08, 0x00, 0x80,
    0xF4, 0x03, 0xFF, 0x80, 0x4F, 0x0A, 0x00, 0x80, 0xF6, 0x03, 0xFF, 0x80, 0x6F, 0x0A, 0x00, 0x80,
    0x60, 0x03, 0x99, 0x80, 0x06, 0x08, 0x00, 0x80, 0x10, 0x03, 0x55, 0x80, 0x04, 0x0A, 0x00, 0x80,
    0xE1, 0x03, 0xFF, 0x80, 0x8F, 0x0A, 0x00, 0x80, 0xF2, 0x03, 0xFF, 0x80, 0x9F, 0x0A, 0x00, 0x80,
    0x40, 0x03, 0x99, 0x80, 0x17, 0x08, 0x00, 0x81, 0x10, 0x54, 0x09, 0x55, 0x81, 0x45, 0x01, 0x02,
    0x00, 0x80, 0xB0, 0x0B, 0xFF, 0x80, 0x0B, 0x02, 0x00, 0x80, 0xD0, 0x0B, 0xFF, 0x80, 0x0D, 0x02,
    0x00, 0x81, 0x30, 0x98, 0x09, 0x99, 0x81, 0x89, 0x02, 0x3D, 0x00, 0x07, 0x00, 0x80, 0x40, 0x04,
    0x55, 0x81, 0x45, 0x01, 0x08, 0x00, 0x80, 0xF8, 0x05, 0xFF, 0x80, 0x0B, 0x08, 0x00, 0x80, 0xF9,
    0x05, 0xFF, 0x80, 0x0D, 0x08, 0x00, 0x80, 0x71, 0x04, 0x99, 0x81, 0x89, 0x02, 0x06, 0x00, 0x80,
    0x30, 0x03, 0x55, 0x80, 0x03, 0x0A, 0x00, 0x80, 0xF4, 0x03, 0xFF, 0x80, 0x4F, 0x0A, 0x00, 0x80,
    0xF6, 0x03, 0xFF, 0x80, 0x6F, 0x0A, 0x00, 0x80, 0x60, 0x03, 0x99, 0x80, 0x06, 0x0A, 0x00, 0x80,
    0x30, 0x03, 0x55, 0x80, 0x03, 0x0A, 0x00, 0x80, 0xF4, 0x03, 0xFF, 0x80, 0x4F, 0x0A, 0x00, 0x80,
    0xF6, 0x03, 0xFF, 0x80, 0x6F, 0x0A, 0x00, 0x80, 0x60, 0x03, 0x99, 0x80, 0x06, 0x08, 0x00, 0x80,
    0x10, 0x03, 0x55, 0x80, 0x04, 0x0A, 0x00, 0x80, 0xE1, 0x03, 0xFF, 0x80, 0x8F, 0x0A, 0x00, 0x80,
    0xF2, 0x03, 0xFF, 0x80, 0x9F, 0x0A, 0x00, 0x86, 0x40, 0x99, 0xB9, 0xEE, 0x6D, 0x55, 0x03, 0x0A,
    0x00, 0x80, 0xF4, 0x03, 0xFF, 0x80, 0x4F, 0x0A, 0x00, 0x80, 0xF6, 0x03, 0xFF, 0x80, 0x6F, 0x0A,
    0x00, 0x80, 0x60, 0x03, 0x99, 0x80, 0x06, 0x0A, 0x00, 0x80, 0x30, 0x03, 0x55, 0x80, 0x03, 0x0A,
    0x00, 0x80, 0xF4, 0x03, 0xFF, 0x80, 0x4F, 0x0A, 0x00, 0x80, 0xF6, 0x03, 0xFF, 0x80, 0x6F, 0x0A,
    0x00, 0x80, 0x60, 0x03, 0x99, 0x80, 0x06, 0x0C, 0x00, 0x80, 0x40, 0x04, 0x55, 0x81, 0x45, 0x01,
    0x08, 0x00, 0x80, 0xF8, 0x05, 0xFF, 0x80, 0x0B, 0x08, 0x00, 0x80, 0xF9, 0x05, 0xFF, 0x80, 0x0D,
    0x08, 0x00, 0x80, 0x71, 0x04, 0x99, 0x81, 0x89, 0x02, 0x3D, 0x00, 0x05, 0x00, 0x80, 0x30, 0x03,
    0x55, 0x80, 0x03, 0x0A, 0x00, 0x80, 0xF4, 0x03, 0xFF, 0x80, 0x4F, 0x0A, 0x00, 0x80, 0xF6, 0x03,
    0xFF, 0x80, 0x6F, 0x0A, 0x00, 0x80, 0x60, 0x03, 0x99, 0x80, 0x06, 0x0A, 0x00, 0x80, 0x30, 0x03,
    0x55, 0x80, 0x03, 0x0A, 0x00, 0x80, 0xF4, 0x03, 0xFF, 0x80, 0x4F, 0x0A, 0x00, 0x80, 0xF6, 0x03,
    0xFF, 0x80, 0x6F, 0x0A, 0x00, 0x80, 0x60, 0x03, 0x99, 0x80, 0x06, 0x0A, 0x00, 0x80, 0x30, 0x03,
    0x55, 0x80, 0x03, 0x0A, 0x00, 0x80, 0xF4, 0x03, 0xFF, 0x80, 0x4F, 0x0A, 0x00, 0x80, 0xF6, 0x03,
    0xFF, 0x80, 0x6F, 0x0A, 0x00, 0x80, 0x60, 0x03, 0x99, 0x80, 0x06, 0x0A, 0x00, 0x80, 0x30, 0x03,
    0x55, 0x80, 0x03, 0x0A, 0x00, 0x80, 0xF4, 0x03, 0xFF, 0x80, 0x4F, 0x0A, 0x00, 0x80, 0xF6, 0x03,
    0xFF, 0x80, 0x6F, 0x0A, 0x00, 0x80, 0x90, 0x03, 0xEE, 0x80, 0x09, 0x0A, 0x00, 0x80, 0xF4, 0x03,
    0xFF, 0x80, 0x4F, 0x0A, 0x00, 0x80, 0xF6, 0x03, 0xFF, 0x80, 0x6F, 0x0A, 0x00, 0x80, 0x60, 0x03,
    0x99, 0x80, 0x06, 0x0A, 0x00, 0x80, 0x30, 0x03, 0x55, 0x80, 0x03, 0x0A, 0x00, 0x80, 0xF4, 0x03,
    0xFF, 0x80, 0x4F, 0x0A, 0x00, 0x80, 0xF6, 0x03, 0xFF, 0x80, 0x6F, 0x0A, 0x00, 0x80, 0x60, 0x03,
    0x99, 0x80, 0x06, 0x0A, 0x00, 0x80, 0x30, 0x03, 0x55, 0x80, 0x03, 0x0A, 0x00, 0x80, 0xF4, 0x03,
    0xFF, 0x80, 0x4F, 0x0A, 0x00, 0x80, 0xF6, 0x03, 0xFF, 0x80, 0x6F, 0x0A, 0x00, 0x80, 0x60, 0x03,
    0x99, 0x80, 0x06, 0x0A, 0x00, 0x80, 0x30, 0x03, 0x55, 0x80, 0x03, 0x0A, 0x00, 0x80, 0xF4, 0x03,
    0xFF, 0x80, 0x4F, 0x0A, 0x00, 0x80, 0xF6, 0x03, 0xFF, 0x80, 0x6F, 0x0A, 0x00, 0x80, 0x60, 0x03,
    0x99, 0x80, 0x06, 0x05, 0x00, 0x82, 0x00, 0x10, 0x54, 0x04, 0x55, 0x80, 0x04, 0x08, 0x00, 0x80,
    0xB0, 0x05, 0xFF, 0x80, 0x8F, 0x08, 0x00, 0x80, 0xD0, 0x05, 0xFF, 0x80, 0x9F, 0x08, 0x00, 0x81,
    0x30, 0x98, 0x04, 0x99, 0x80, 0x17, 0x0C, 0x00, 0x80, 0x30, 0x03, 0x55, 0x80, 0x03, 0x0A, 0x00,
    0x80, 0xF4, 0x03, 0xFF, 0x80, 0x4F, 0x0A, 0x00, 0x80, 0xF6, 0x03, 0xFF, 0x80, 0x6F, 0x0A, 0x00,
    0x80, 0x60, 0x03, 0x99, 0x80, 0x06, 0x0A, 0x00, 0x80, 0x30, 0x03, 0x55, 0x80, 0x03, 0x0A, 0x00,
    0x80, 0xF4, 0x03, 0xFF, 0x80, 0x4F, 0x0A, 0x00, 0x80, 0xF6, 0x03, 0xFF, 0x80, 0x6F, 0x0A, 0x00,
    0x80, 0x60, 0x03, 0x99, 0x80, 0x06, 0x0C, 0x00, 0x80, 0x40, 0x03, 0x55, 0x80, 0x01, 0x0A, 0x00,
    0x80, 0xF8, 0x03, 0xFF, 0x80, 0x1E, 0x0A, 0x00, 0x80, 0xF9, 0x03, 0xFF, 0x80, 0x2F, 0x08, 0x00,
    0x86, 0x30, 0x55, 0xD6, 0xEE, 0x9B, 0x99, 0x04, 0x08, 0x00, 0x80, 0xF4, 0x03, 0xFF, 0x80, 0x4F,
    0x0A, 0x00, 0x80, 0xF6, 0x03, 0xFF, 0x80, 0x6F, 0x0A, 0x00, 0x80, 0x60, 0x03, 0x99, 0x80, 0x06,
    0x0A, 0x00, 0x80, 0x30, 0x03, 0x55, 0x80, 0x03, 0x0A, 0x00, 0x80, 0xF4, 0x03, 0xFF, 0x80, 0x4F,
    0x0A, 0x00, 0x80, 0xF6, 0x03, 0xFF, 0x80, 0x6F, 0x0A, 0x00, 0x80, 0x60, 0x03, 0x99, 0x80, 0x06,
    0x06, 0x00, 0x81, 0x10, 0x54, 0x04, 0x55, 0x80, 0x04, 0x08, 0x00, 0x80, 0xB0, 0x05, 0xFF, 0x80,
    0x8F, 0x08, 0x00, 0x80, 0xD0, 0x05, 0xFF, 0x80, 0x9F, 0x08, 0x00, 0x81, 0x30, 0x98, 0x04, 0x99,
    0x80, 0x17, 0x43, 0x00, 0x7F, 0x00, 0x3E, 0x00, 0x80, 0x10, 0x05, 0x55, 0x82, 0x03, 0x00, 0x51,
    0x02, 0x55, 0x80, 0x45, 0x03, 0x00, 0x81, 0x10, 0xFE, 0x05, 0xFF, 0x81, 0x04, 0xE1, 0x03, 0xFF,
    0x80, 0x8F, 0x03, 0x00, 0x80, 0xF2, 0x05, 0xFF, 0x81, 0x6F, 0x20, 0x04, 0xFF, 0x85, 0x09, 0x00,
    0x41, 0x55, 0xEA, 0xDE, 0x02, 0x99, 0x89, 0xED, 0xBE, 0x55, 0xA5, 0xEE, 0x9D, 0x99, 0x17, 0x00,
    0xB0, 0x03, 0xFF, 0x82, 0xBF, 0x00, 0xF8, 0x05, 0xFF, 0x80, 0x0B, 0x03, 0x00, 0x80, 0xFD, 0x03,
    0xFF, 0x81, 0x0D, 0x90, 0x05, 0xFF, 0x80, 0xDF, 0x03, 0x00, 0x81, 0x30, 0x98, 0x02, 0x99, 0x82,
    0x28, 0x00, 0x71, 0x04, 0x99, 0x81, 0x89, 0x02, 0x7F, 0x00, 0x3D, 0x00,
};
// clang-format on
